start_station_id,start_station_name,start_lat,start_lng,ride_count
35,Streeter Dr & Grand Ave,41.892278,-87.612043,31378
177,Theater on the Lake,41.926277,-87.630834,27206
76,Lake Shore Dr & Monroe St,41.880958,-87.616743,25753
176,Clark St & Elm St,41.902973,-87.63128,24590
268,Lake Shore Dr & North Blvd,41.911722,-87.626804,23311
90,Millennium Park,41.881032,-87.624084,19947
289,Wells St & Concord Ln,41.912133,-87.634656,19652
255,Indiana Ave & Roosevelt Rd,41.867888,-87.623041,19206
300,Broadway & Barry Ave,41.937582,-87.644098,18815
94,Clark St & Armitage Ave,41.918306,-87.636282,18798
85,Michigan Ave & Oak St,41.90096,-87.623777,18632
157,Lake Shore Dr & Wellington Ave,41.936688,-87.636829,18225
141,Clark St & Lincoln Ave,41.915689,-87.6346,17994
110,Dearborn St & Erie St,41.893992,-87.629318,17649
182,Wells St & Elm St,41.903222,-87.634324,17589
53,Wells St & Huron St,41.894722,-87.634362,16825
195,Columbus Dr & Randolph St,41.884728,-87.619521,16472
199,Wabash Ave & Grand Ave,41.891466,-87.626761,16396
144,Larrabee St & Webster Ave,41.921822,-87.64414,15963
59,Wabash Ave & Roosevelt Rd,41.867227,-87.625961,15909
211,St. Clair St & Erie St,41.894448,-87.622663,15879
334,Lake Shore Dr & Belmont Ave,41.940775,-87.639192,15788
313,Lakeview Ave & Fullerton Pkwy,41.925858,-87.638973,15552
52,Michigan Ave & Lake St,41.886024,-87.624117,15527
329,Lake Shore Dr & Diversey Pkwy,41.932588,-87.636427,15410
133,Kingsbury St & Kinzie St,41.889177,-87.638506,15250
56,Desplaines St & Kinzie St,41.888716,-87.644448,15180
291,Wells St & Evergreen Ave,41.906724,-87.63483,15135
24,Fairbanks Ct & Grand Ave,41.891847,-87.62058,14973
140,Dearborn Pkwy & Delaware Pl,41.898969,-87.629912,14646
459,Lakefront Trail & Bryn Mawr Ave,41.984037,-87.65231,14577
303,Broadway & Cornelia Ave,41.945529,-87.646439,14349
232,Pine Grove Ave & Waveland Ave,41.949473,-87.646453,13993
117,Wilton Ave & Belmont Ave,41.94018,-87.65304,13876
301,Clark St & Schiller St,41.907993,-87.631501,13861
623,Michigan Ave & 8th St,41.872773,-87.623981,13852
220,Clark St & Drummond Pl,41.931248,-87.644336,13751
249,Montrose Harbor,41.963982,-87.638181,13549
340,Clark St & Wrightwood Ave,41.929546,-87.643118,13433
26,McClurg Ct & Illinois St,41.890359,-87.617532,13374
43,Michigan Ave & Washington St,41.883984,-87.624684,13340
127,Lincoln Ave & Fullerton Ave,41.925905,-87.64926,12862
324,Stockton Dr & Wrightwood Ave,41.93132,-87.638742,12857
299,Halsted St & Roscoe St,41.94367,-87.64895,12611
156,Clark St & Wellington Ave,41.936497,-87.647539,12322
210,Ashland Ave & Division St,41.90345,-87.667747,12275
304,Broadway & Waveland Ave,41.949074,-87.648636,12218
212,Wells St & Hubbard St,41.889906,-87.634266,12032
3,Shedd Aquarium,41.867226,-87.615355,11936
172,Rush St & Cedar St,41.902309,-87.627691,11875
4,Burnham Harbor,41.856268,-87.613348,11753
632,Clark St & Newport St,41.94454,-87.654678,11747
113,Bissell St & Armitage Ave,41.91844,-87.65222,11703
145,Mies van der Rohe Way & Chestnut St,41.898587,-87.621915,11694
74,Kingsbury St & Erie St,41.893808,-87.641697,11658
198,Green St & Madison St,41.881892,-87.648789,11652
142,McClurg Ct & Erie St,41.894503,-87.617854,11424
341,Adler Planetarium,41.866095,-87.607267,11405
181,LaSalle St & Illinois St,41.890762,-87.631697,11354
321,Wabash Ave & 9th St,41.870769,-87.625734,11338
331,Halsted St & Clybourn Ave,41.909668,-87.648128,11245
99,Lake Shore Dr & Ohio St,41.89257,-87.614492,11169
47,State St & Kinzie St,41.889187,-87.627754,11151
69,Damen Ave & Pierce Ave,41.909396,-87.677692,11075
115,Sheffield Ave & Wellington Ave,41.936266,-87.652662,11018
229,Southport Ave & Roscoe St,41.943739,-87.66402,10915
254,Pine Grove Ave & Irving Park Rd,41.954383,-87.648043,10563
296,Broadway & Belmont Ave,41.940106,-87.645451,10516
161,Rush St & Superior St,41.895765,-87.625908,10512
6,Dusable Harbor,41.886976,-87.612813,10390
114,Sheffield Ave & Waveland Ave,41.949399,-87.654529,10387
173,Mies van der Rohe Way & Chicago Ave,41.89691,-87.621743,10286
44,State St & Randolph St,41.88473,-87.627734,10247
41,Federal St & Polk St,41.872078,-87.629544,10175
2,Buckingham Fountain,41.876511,-87.620548,10092
227,Southport Ave & Waveland Ave,41.94815,-87.66394,9896
327,Sheffield Ave & Webster Ave,41.92154,-87.653818,9763
77,Clinton St & Madison St,41.882242,-87.641066,9746
81,Daley Center Plaza,41.884241,-87.629634,9716
225,Halsted St & Dickens Ave,41.919936,-87.64883,9692
302,Sheffield Ave & Wrightwood Ave,41.928712,-87.653833,9637
84,Milwaukee Ave & Grand Ave,41.891578,-87.648384,9576
194,Wabash Ave & Wacker Pl,41.886875,-87.62603,9548
247,Shore Dr & 55th St,41.795212,-87.580715,9515
349,Halsted St & Wrightwood Ave,41.929143,-87.649077,9467
13,Wilton Ave & Diversey Pkwy,41.932418,-87.652705,9379
38,Clark St & Lake St,41.886021,-87.630876,9331
13022,Streeter Dr & Grand Ave,41.892278,-87.612043,9324
49,Dearborn St & Monroe St,41.88132,-87.629521,9323
126,Clark St & North Ave,41.911974,-87.631942,9214
673,Lincoln Park Conservatory,41.923931,-87.635825,9199
150,Fort Dearborn Dr & 31st St,41.838556,-87.608218,9034
337,Clark St & Chicago Ave,41.89675,-87.63089,8920
231,Sheridan Rd & Montrose Ave,41.96167,-87.65464,8900
112,Green St & Randolph St,41.883668,-87.64867,8823
180,Ritchie Ct & Banks St,41.906866,-87.626217,8686
25,Michigan Ave & Pearson St,41.89766,-87.62351,8619
61,Wood St & Milwaukee Ave,41.907655,-87.672552,8575
71,Morgan St & Lake St,41.885483,-87.652305,8572
13300,Lake Shore Dr & Monroe St,41.880958,-87.616743,8555
332,Burling St (Halsted) & Diversey Pkwy (Temp),41.93314,-87.64776,8433
168,Michigan Ave & 14th St,41.864059,-87.623727,8425
672,Franklin St & Illinois St,41.891023,-87.63548,8416
639,Lakefront Trail & Wilson Ave,41.965845,-87.645361,8372
118,Sedgwick St & North Ave,41.911386,-87.638677,8366
196,Cityfront Plaza Dr & Pioneer Ct,41.890573,-87.622072,8300
245,Clarendon Ave & Junior Ter,41.961004,-87.649603,8246
165,Clark St & Grace St,41.95078,-87.659172,8119
143,Sedgwick St & Webster Ave,41.922167,-87.638888,7981
320,Loomis St & Lexington St,41.872187,-87.661501,7957
152,Lincoln Ave & Diversey Pkwy,41.932225,-87.658617,7864
20,Sheffield Ave & Kingsbury St,41.910522,-87.653106,7863
36,Franklin St & Jackson Blvd,41.877708,-87.635321,7845
312,Clarendon Ave & Gordon Ter,41.957879,-87.649519,7772
31,Franklin St & Chicago Ave,41.896747,-87.635668,7672
93,Sheffield Ave & Willow St,41.913688,-87.652855,7657
158,Milwaukee Ave & Wabansia Ave,41.912616,-87.681391,7634
240,Sheridan Rd & Irving Park Rd,41.954245,-87.654406,7633
164,Franklin St & Lake St,41.885837,-87.6355,7546
66,Clinton St & Lake St,41.885637,-87.641823,7521
627,LaSalle Dr & Huron St,41.894877,-87.632326,7513
134,Peoria St & Jackson Blvd,41.877642,-87.649618,7493
226,Racine Ave & Belmont Ave,41.939743,-87.658865,7484
465,Marine Dr & Ainslie St,41.9716,-87.650154,7393
256,Broadway & Sheridan Rd,41.952833,-87.649993,7365
111,Sedgwick St & Huron St,41.894666,-87.638437,7192
51,Clark St & Randolph St,41.884576,-87.63189,7182
48,Larrabee St & Kingsbury St,41.897764,-87.642884,7164
100,Orleans St & Merchandise Mart Plaza,41.888243,-87.63639,7137
7,Field Blvd & South Water St,41.886349,-87.617517,7111
107,Desplaines St & Jackson Blvd,41.878287,-87.643909,7106
620,Orleans St & Chestnut St (NEXT Apts),41.898203,-87.637536,7013
273,Michigan Ave & 18th St,41.857813,-87.62455,6997
260,Kedzie Ave & Milwaukee Ave,41.929567,-87.707857,6963
287,Franklin St & Monroe St,41.880317,-87.635185,6929
106,State St & Pearson St,41.897448,-87.628722,6898
175,Wells St & Polk St,41.872596,-87.633502,6799
153,Southport Ave & Wellington Ave,41.935733,-87.663576,6778
67,Sheffield Ave & Fullerton Ave,41.925602,-87.653708,6739
17,Honore St & Division St,41.903119,-87.673935,6729
333,Ashland Ave & Blackhawk St,41.907066,-87.667252,6516
224,Halsted St & Willow St,41.913865,-87.648755,6453
359,Larrabee St & Division St,41.903486,-87.643353,6452
463,Clark St & Berwyn Ave,41.977997,-87.668047,6435
230,Lincoln Ave & Roscoe St,41.94334,-87.67097,6433
264,Stetson Ave & South Water St,41.886835,-87.62232,6428
219,Damen Ave & Cortland St,41.915983,-87.677335,6420
87,Racine Ave & Fullerton Ave,41.925563,-87.658404,6359
13008,Millennium Park,41.881032,-87.624084,6231
96,Desplaines St & Randolph St,41.884616,-87.644571,6224
188,Greenview Ave & Fullerton Ave,41.92533,-87.6658,6170
288,Larrabee St & Armitage Ave,41.918084,-87.643749,6148
454,Broadway & Granville Ave,41.99478,-87.660285,6143
34,Cannon Dr & Fullerton Ave,41.926756,-87.634429,6108
91,Clinton St & Washington Blvd,41.88338,-87.64117,6070
197,Michigan Ave & Madison St,41.882134,-87.625125,6067
21,Aberdeen St & Jackson Blvd,41.877726,-87.654787,6063
223,Clifton Ave & Armitage Ave,41.918216,-87.656936,6060
284,Michigan Ave & Jackson Blvd,41.87785,-87.62408,6051
131,Lincoln Ave & Belmont Ave,41.939365,-87.668385,6006
128,Damen Ave & Chicago Ave,41.895769,-87.67722,6006
344,Ravenswood Ave & Lawrence Ave,41.96909,-87.674237,5966
60,Dayton St & North Ave,41.910578,-87.649422,5921
192,Canal St & Adams St,41.879255,-87.639904,5920
154,Southport Ave & Belmont Ave,41.93949,-87.66378,5910
86,Eckhart Park,41.896373,-87.660984,5907
123,California Ave & Milwaukee Ave,41.922695,-87.697153,5884
72,Wabash Ave & 16th St,41.860384,-87.625813,5878
39,Wabash Ave & Adams St,41.879472,-87.625689,5859
46,Wells St & Walton St,41.89993,-87.63443,5777
293,Broadway & Wilson Ave,41.965221,-87.658139,5776
322,Kimbark Ave & 53rd St,41.799568,-87.594747,5701
417,Cornell Ave & Hyde Park Blvd,41.802406,-87.586924,5689
54,Ogden Ave & Chicago Ave,41.896362,-87.654061,5686
186,Ogden Ave & Race Ave,41.891795,-87.658751,5682
306,Sheridan Rd & Buena Ave,41.958494,-87.654966,5617
29,Noble St & Milwaukee Ave,41.90068,-87.6626,5616
338,Calumet Ave & 18th St,41.857611,-87.619407,5615
326,Clark St & Leland Ave,41.967096,-87.667429,5604
92,Carpenter St & Huron St,41.894556,-87.653449,5559
294,Broadway & Berwyn Ave,41.978353,-87.659753,5546
190,Southport Ave & Wrightwood Ave,41.928773,-87.663913,5546
16,Paulina Ave & North Ave,41.910337,-87.670072,5511
342,Wolcott Ave & Polk St,41.871262,-87.673688,5483
283,LaSalle St & Jackson Blvd,41.878166,-87.631929,5445
325,Clark St & Winnemac Ave,41.97334,-87.66778,5401
98,LaSalle St & Washington St,41.882664,-87.63253,5342
295,Broadway & Argyle St,41.973815,-87.65966,5290
130,Damen Ave & Division St,41.903266,-87.678435,5267
125,Rush St & Hubbard St,41.890173,-87.626185,5229
22,May St & Taylor St,41.869482,-87.655486,5229
636,Orleans St & Hubbard St,41.890028,-87.636618,5174
237,MLK Jr Dr & 29th St,41.842052,-87.617,5140
383,Paulina St & Flournoy St,41.87295,-87.66913,5129
73,Jefferson St & Monroe St,41.880422,-87.642746,5058
5,State St & Harrison St,41.874053,-87.627716,5026
13042,Michigan Ave & Oak St,41.90096,-87.623777,5012
638,Clinton St & Jackson Blvd,41.878116,-87.639838,4939
116,Western Ave & Winnebago Ave,41.91552,-87.687022,4921
183,Damen Ave & Thomas St (Augusta Blvd),41.901315,-87.677409,4920
251,Clarendon Ave & Leland Ave,41.967968,-87.650001,4906
350,Ashland Ave & Chicago Ave,41.895966,-87.667747,4845
241,Morgan St & Polk St,41.871737,-87.65103,4780
58,Marshfield Ave & Cortland St,41.916017,-87.668879,4773
635,Fairbanks St & Superior St,41.895748,-87.620104,4769
346,Ada St & Washington Blvd,41.88283,-87.661206,4685
461,Broadway & Ridge Ave,41.984045,-87.660274,4658
233,Sangamon St & Washington Blvd,41.883165,-87.6511,4561
423,University Ave & 57th St,41.791478,-87.599861,4544
80,Aberdeen St & Monroe St,41.880419,-87.655519,4489
621,Aberdeen St & Randolph St,41.884114,-87.654264,4343
374,Western Ave & Walton St,41.898418,-87.686596,4314
57,Clinton St & Roosevelt Rd,41.867118,-87.641088,4304
657,Wood St & Augusta Blvd,41.899181,-87.6722,4277
458,Broadway & Thorndale Ave,41.989743,-87.660141,4276
33,State St & Van Buren St,41.877181,-87.627844,4254
624,Dearborn St & Van Buren St,41.876268,-87.629155,4178
13263,Columbus Dr & Randolph St,41.884728,-87.619521,4146
343,Racine Ave & Wrightwood Ave,41.928887,-87.658971,4134
15544,Shedd Aquarium,41.867226,-87.615355,4115
37,Dearborn St & Adams St,41.879356,-87.629791,4111
323,Sheridan Rd & Lawrence Ave,41.969517,-87.654691,4046
138,Clybourn Ave & Division St,41.904613,-87.640552,4030
460,Clark St & Bryn Mawr Ave,41.983593,-87.669154,4021
120,Wentworth Ave & Cermak Rd,41.853085,-87.631931,3956
45,Michigan Ave & Ida B Wells Dr,41.876243,-87.624426,3923
13045,Dearborn St & Erie St,41.893992,-87.629318,3917
318,Southport Ave & Irving Park Rd,41.954177,-87.664358,3909
426,Ellis Ave & 60th St,41.785097,-87.601073,3906
345,Lake Park Ave & 56th St,41.793242,-87.587782,3904
364,Larrabee St & Oak St,41.900219,-87.642985,3889
394,Clark St & 9th St (AMLI),41.870816,-87.631246,3868
19,Throop (Loomis) St & Taylor St,41.868968,-87.659141,3858
596,Benson Ave & Church St,42.048214,-87.683485,3845
30,Ashland Ave & Augusta Blvd,41.899643,-87.6677,3841
307,Southport Ave & Clybourn Ave,41.920771,-87.663712,3831
419,Lake Park Ave & 53rd St,41.799494,-87.58645,3809
27,Larrabee St & North Ave,41.91021,-87.6435,3806
174,Canal St & Madison St,41.882091,-87.639833,3803
637,Wood St & Chicago Ave,41.895634,-87.672069,3793
317,Wood St & Taylor St,41.869154,-87.671045,3779
626,Delano Ct & Roosevelt Rd,41.867491,-87.63219,3752
18,Wacker Dr & Washington St,41.883132,-87.637321,3742
166,Ashland Ave & Wrightwood Ave,41.92883,-87.668507,3687
148,State St & 33rd St,41.834734,-87.625813,3684
239,Western Ave & Leland Ave,41.966495,-87.688419,3655
451,Sheridan Rd & Loyola Ave,42.001044,-87.661198,3634
13001,Michigan Ave & Washington St,41.883984,-87.624684,3607
108,Halsted St & Polk St,41.87184,-87.64664,3590
298,Lincoln Ave & Belle Plaine Ave,41.956004,-87.680161,3588
121,Blackstone Ave & Hyde Park Blvd,41.802562,-87.590368,3579
250,Ashland Ave & Wellington Ave,41.936082999999996,-87.669807,3572
234,Clark St & Montrose Ave,41.961588,-87.666036,3564
89,Financial Pl & Ida B Wells Dr,41.875024,-87.633094,3530
507,Humboldt Blvd & Armitage Ave,41.917513,-87.701809,3499
213,Leavitt St & North Ave,41.910509,-87.682389,3485
258,Logan Blvd & Elston Ave,41.929465,-87.684158,3438
282,Halsted St & Maxwell St,41.864883,-87.647071,3391
243,Lincoln Ave & Sunnyside Ave,41.963004,-87.684781,3353
319,Greenview Ave & Diversey Pkwy,41.93259,-87.665936,3346
160,Campbell Ave & North Ave,41.910535,-87.689556,3335
406,Lake Park Ave & 35th St,41.831274,-87.608799,3333
253,Winthrop Ave & Lawrence Ave,41.968812,-87.657659,3332
13137,Broadway & Barry Ave,41.937582,-87.644098,3322
286,Franklin St & Adams St (Temp),41.879434,-87.635504,3303
257,Lincoln Ave & Waveland Ave,41.948797,-87.675278,3302
13016,St. Clair St & Erie St,41.894345,-87.622798,3298
238,Wolcott (Ravenswood) Ave & Montrose Ave,41.961406,-87.676169,3287
309,Leavitt St & Armitage Ave,41.917805,-87.682437,3286
28,Larrabee St & Menomonee St,41.91468,-87.64332,3282
244,Ravenswood Ave & Irving Park Rd,41.95469,-87.67393,3255
628,Walsh Park,41.91461,-87.667968,3232
242,Damen Ave & Leland Ave,41.967094,-87.679028,3228
13146,Clark St & Armitage Ave,41.918306,-87.636282,3205
146,Loomis St & Jackson Blvd,41.877945,-87.662007,3192
310,Damen Ave & Charleston St,41.920082,-87.677855,3177
660,Sheridan Rd & Columbia Ave,42.004583,-87.661406,3175
13179,Clark St & Lincoln Ave,41.915689,-87.6346,3175
347,Ashland Ave & Grace St,41.950687,-87.6687,3167
13061,Ashland Ave & Division St,41.90345,-87.667747,3147
15541,Buckingham Fountain,41.876511,-87.620548,3132
420,Ellis Ave & 55th St,41.794301,-87.60145,3116
13325,Broadway & Waveland Ave,41.949074,-87.648636,3097
305,Western Ave & Division St,41.902893,-87.687275,3088
308,Seeley Ave & Roscoe St,41.943403,-87.679618,3071
290,Kedzie Ave & Palmer Ct,41.921525,-87.707322,3052
277,Ashland Ave & Grand Ave,41.891072,-87.666611,3046
15,Racine Ave & 18th St,41.858166,-87.656495,3026
129,Blue Island Ave & 18th St,41.857556,-87.661535,3020
216,California Ave & Division St,41.903029,-87.697474,2995
644,Western Ave & Fillmore St,41.868563,-87.686234,2975
418,Ellis Ave & 53rd St,41.799336,-87.600958,2961
659,Leavitt St & Chicago Ave,41.895501,-87.682017,2945
414,Canal St & Taylor St,41.870257,-87.639474,2935
261,Hermitage Ave & Polk St,41.871514,-87.669886,2928
162,Damen Ave & Wellington Ave,41.93588,-87.67842,2909
13431,Adler Planetarium,41.866095,-87.607267,2909
147,Indiana Ave & 26th St,41.845687,-87.622481,2878
424,Museum of Science and Industry,41.791728,-87.583945,2860
328,Ellis Ave & 58th St,41.788746,-87.601334,2849
109,900 W Harrison St,41.874754,-87.649807,2842
604,Sheridan Rd & Noyes St (NU),42.058239,-87.677432,2827
676,WATSON TESTING - DIVVY,41.894731,-87.730886,2819
276,California Ave & North Ave,41.91044,-87.6972,2817
622,California Ave & Cortez St,41.900363,-87.696704,2794
163,Damen Ave & Clybourn Ave,41.931931,-87.677856,2770
205,Paulina St & 18th St,41.857901,-87.668745,2762
236,Sedgwick St & Schiller St,41.907626,-87.638566,2751
523,Eastlake Ter & Rogers Ave,42.020887,-87.665058,2749
464,Damen Ave & Foster Ave,41.975615,-87.679459,2740
50,Clark St & Ida B Wells Dr,41.875933,-87.630585,2739
248,Woodlawn Ave & 55th St,41.795264,-87.596471,2736
23,Orleans St & Elm St,41.902924,-87.637715,2732
447,Glenwood Ave & Morse Ave,42.007972,-87.665502,2714
97,Field Museum,41.865312,-87.617867,2702
222,Milwaukee Ave & Rockwell St,41.920196,-87.692659,2680
217,Elizabeth (May) St & Fulton St,41.886616,-87.65804,2669
13278,Broadway & Cornelia Ave,41.945529,-87.646439,2622
185,Stave St & Armitage Ave,41.917741,-87.691392,2609
259,California Ave & Francis Pl (Temp),41.918491,-87.697423,2602
502,California Ave & Altgeld St,41.92669,-87.697668,2602
481,California Ave & Montrose Ave,41.961068,-87.695439,2592
149,Calumet Ave & 33rd St,41.8349,-87.61793,2570
13193,Larrabee St & Webster Ave,41.921822,-87.64414,2567
263,Rhodes Ave & 32nd St,41.836208,-87.613533,2555
13430,LaSalle St & Illinois St,41.890762,-87.631697,2554
504,Campbell Ave & Fullerton Ave,41.924632,-87.689307,2553
654,Racine Ave & Washington Blvd,41.883073,-87.656952,2536
597,Chicago Ave & Washington St,42.032562,-87.679101,2441
339,Emerald Ave & 31st St,41.838198,-87.645143,2439
214,Damen Ave & Grand Ave,41.89122,-87.67686,2438
40,LaSalle St & Adams St,41.879344,-87.631985,2423
658,Leavitt St & Division St,41.902997,-87.683825,2388
13033,Milwaukee Ave & Grand Ave,41.891578,-87.648384,2384
13243,Milwaukee Ave & Wabansia Ave,41.912616,-87.681391,2371
15529,Mies van der Rohe Way & Chestnut St,41.898587,-87.621915,2361
14,Morgan St & 18th St,41.858086,-87.651073,2327
137,Morgan Ave & 14th Pl,41.862378,-87.651062,2323
191,Canal St & Monroe St,41.88169,-87.63953,2322
503,Drake Ave & Fullerton Ave,41.924399,-87.715441,2284
520,Greenview Ave & Jarvis Ave,42.015962,-87.66857,2264
13053,Green St & Randolph St,41.883668,-87.64867,2259
509,Troy St & North Ave,41.909769,-87.70528,2256
13050,State St & Kinzie St,41.889187,-87.627754,2231
88,Racine Ave & Randolph St,41.884069,-87.656853,2230
13265,Kingsbury St & Erie St,41.893808,-87.641697,2229
13059,Bissell St & Armitage Ave,41.91844,-87.65222,2206
354,Sheridan Rd & Greenleaf Ave,42.010587,-87.662412,2202
272,Indiana Ave & 31st St,41.838842,-87.621857,2194
15530,Rush St & Superior St,41.895765,-87.625908,2186
457,Clark St & Elmdale Ave,41.990518,-87.669834,2179
511,Albany Ave & Bloomingdale Ave,41.914027,-87.705126,2161
101,63rd St Beach,41.781016,-87.57612,2129
316,Damen Ave & Sunnyside Ave,41.96325,-87.679258,2091
246,Ashland Ave & Belle Plaine Ave,41.956057,-87.668835,2091
297,Paulina St & Montrose Ave,41.961507,-87.671387,2085
292,Southport Ave & Clark St,41.957081,-87.664199,2080
55,Halsted St & Roosevelt Rd,41.867324,-87.648625,2080
267,Lake Park Ave & 47th St,41.809443,-87.591875,2079
505,Winchester Ave & Elston Ave,41.924091,-87.67646,2074
13276,Stockton Dr & Wrightwood Ave,41.93132,-87.638742,2070
13011,Canal St & Adams St,41.879255,-87.639904,2062
605,University Library (NU),42.052939,-87.673447,2058
13338,Mies van der Rohe Way & Chicago Ave,41.89691,-87.621743,2053
603,Chicago Ave & Sheridan Rd,42.050491,-87.677821,2034
475,Washtenaw Ave & Lawrence Ave,41.968987,-87.696027,2032
178,State St & 19th St,41.856594,-87.627542,2031
13071,Southport Ave & Roscoe St,41.943739,-87.66402,2019
32,Racine Ave & Congress Pkwy,41.87464,-87.65703,2010
265,Cottage Grove Ave & Oakwood Blvd,41.822985,-87.6071,2008
13221,Wood St & Milwaukee Ave,41.907655,-87.672552,2001
285,Wood St & Hubbard St,41.889899,-87.671473,1980
330,Lincoln Ave & Addison St,41.946176,-87.673308,1963
13034,Michigan Ave & Pearson St,41.89766,-87.62351,1954
119,Ashland Ave & Lake St,41.88592,-87.66717,1953
13277,Broadway & Belmont Ave,41.940106,-87.645451,1949
370,Calumet Ave & 21st St,41.854184,-87.619154,1945
13235,Southport Ave & Waveland Ave,41.94815,-87.66394,1940
15534,Field Blvd & South Water St,41.886349,-87.617517,1936
13157,Aberdeen St & Jackson Blvd,41.877726,-87.654787,1919
13332,Loomis St & Lexington St,41.872187,-87.661501,1909
13021,Clinton St & Lake St,41.885637,-87.641823,1908
13154,Sheffield Ave & Kingsbury St,41.910522,-87.653106,1908
13158,Peoria St & Jackson Blvd,41.877642,-87.649618,1907
482,Campbell Ave & Montrose Ave,41.961526,-87.691165,1883
124,Damen Ave & Cullerton St,41.855048,-87.675726,1861
13303,Clark St & Chicago Ave,41.89675,-87.63089,1861
75,Canal St & Jackson Blvd,41.877245,-87.639366,1853
315,Elston Ave & Wabansia Ave,41.912919,-87.664169,1851
228,Damen Ave & Melrose Ave,41.9406,-87.6785,1848
314,Ravenswood Ave & Berteau Ave,41.957921,-87.673567,1848
506,Spaulding Ave & Armitage Ave,41.917108,-87.710221,1842
382,Western Ave & Congress Pkwy,41.874749,-87.686445,1817
12,South Shore Dr & 71st St,41.766409,-87.565688,1801
664,Leavitt St & Belmont Ave,41.939354,-87.683282,1791
15545,Burnham Harbor,41.856268,-87.613348,1787
498,California Ave & Fletcher St,41.938429,-87.698008,1786
641,Central Park Ave & Bloomingdale Ave,41.914166,-87.716755,1785
202,Halsted St & 18th St,41.857499,-87.646277,1758
453,Clark St & Schreiber Ave,41.999252,-87.671377,1754
15539,Desplaines St & Jackson Blvd,41.878287,-87.643909,1750
13192,Halsted St & Dickens Ave,41.919936,-87.64883,1732
13017,Franklin St & Chicago Ave,41.896747,-87.635668,1730
184,State St & 35th St,41.831036,-87.626798,1718
170,Clinton St & 18th St,41.85795,-87.640826,1713
275,Ashland Ave & 13th St,41.865234,-87.666507,1700
42,Wabash Ave & Cermak Rd,41.852619,-87.626488,1695
493,Western Ave & Roscoe St,41.943034,-87.687288,1693
252,Greenwood Ave & 47th St,41.809835,-87.599383,1688
68,Clinton St & Tilden St,41.875885,-87.640795,1682
311,Leavitt St & Lawrence Ave,41.968885,-87.684001,1681
13136,Damen Ave & Division St,41.903266,-87.678435,1676
13379,Clarendon Ave & Gordon Ter,41.957867,-87.649505,1674
13132,Damen Ave & Chicago Ave,41.895769,-87.67722,1666
13133,Damen Ave & Cortland St,41.915983,-87.677335,1662
15535,Desplaines St & Randolph St,41.884616,-87.644571,1657
13389,Clarendon Ave & Junior Ter,41.961004,-87.649603,1644
478,Rockwell St & Eastwood Ave,41.9659,-87.693638,1613
218,Wells St & 19th St,41.856802,-87.633879,1611
625,Chicago Ave & Dempster St,42.041691,-87.680687,1604
472,Lincoln Ave & Winona St,41.974911,-87.692503,1593
13323,Broadway & Sheridan Rd,41.952833,-87.649993,1580
13191,Sedgwick St & Webster Ave,41.922167,-87.638888,1569
13063,Sheridan Rd & Irving Park Rd,41.954245,-87.654406,1566
13224,Ashland Ave & Blackhawk St,41.907066,-87.667252,1558
471,Francisco Ave & Foster Ave,41.975633,-87.701419,1552
487,California Ave & Byron St,41.952162,-87.698051,1546
13085,Kedzie Ave & Milwaukee Ave,41.929567,-87.707857,1544
376,Artesian Ave & Hubbard St,41.889492,-87.688219,1541
402,Shields Ave & 31st St,41.838464,-87.635406,1539
13036,Michigan Ave & Madison St,41.882134,-87.625125,1531
13084,California Ave & Milwaukee Ave,41.922695,-87.697153,1526
499,Kosciuszko Park,41.930585,-87.723777,1525
13194,Ogden Ave & Race Ave,41.891795,-87.658751,1516
280,Morgan St & 31st St,41.8378,-87.65114,1510
13290,Noble St & Milwaukee Ave,41.90068,-87.6626,1508
179,MLK Jr Dr & Pershing Rd,41.8246,-87.61678,1497
425,Harper Ave & 59th St,41.787943,-87.588315,1496
13068,Western Ave & Winnebago Ave,41.91552,-87.687022,1495
510,Spaulding Ave & Division St,41.902707,-87.70922,1477
434,Ogden Ave & Roosevelt Rd,41.866501,-87.684697,1460
355,South Shore Dr & 67th St,41.773643,-87.567514,1459
515,Paulina St & Howard St,42.019159,-87.673573,1457
207,Emerald Ave & 28th St,41.84358,-87.645368,1454
486,Oakley Ave & Irving Park Rd,41.954341,-87.68608,1451
171,May St & Cullerton St,41.855136,-87.654127,1442
13128,Clark St & North Ave,41.911974,-87.631942,1441
381,Western Ave & Monroe St,41.879788,-87.686113,1438
13427,Cityfront Plaza Dr & Pioneer Ct,41.890573,-87.622072,1435
208,Laflin St & Cullerton St,41.854915,-87.66356,1427
491,Talman Ave & Addison St,41.946636,-87.694615,1422
413,Woodlawn Ave & Lake Park Ave,41.814093,-87.597005,1420
525,Glenwood Ave & Touhy Ave,42.012701,-87.666058,1410
13006,LaSalle St & Washington St,41.882664,-87.63253,1399
13247,Ashland Ave & Chicago Ave,41.895966,-87.667747,1399
13353,Ada St & Washington Blvd,41.88283,-87.661206,1396
18003,Fairbanks St & Superior St,41.895748,-87.620104,1389
13285,Wood St & Taylor St (Temp),41.869265,-87.673731,1378
480,Albany Ave & Montrose Ave,41.961041,-87.705866,1368
13289,Eckhart Park,41.896373,-87.660984,1357
13156,Aberdeen St & Monroe St,41.880419,-87.655519,1353
501,Richmond St & Diversey Ave,41.931902,-87.701195,1349
643,Smith Park,41.892048,-87.689397,1343
490,Troy St & Elston Ave,41.945244,-87.70665,1338
492,Leavitt St & Addison St,41.946655,-87.683359,1330
18062,Aberdeen St & Randolph St,41.884114,-87.654264,1314
62,McCormick Place,41.851375,-87.618835,1312
13102,Calumet Ave & 18th St,41.857611,-87.619407,1308
169,Canal St & Harrison St,41.874255,-87.639573,1301
467,Western Ave & Lunt Ave,42.008594,-87.690492,1295
497,Kimball Ave & Belmont Ave,41.939398,-87.711561,1267
13058,Dayton St & North Ave,41.910578,-87.649422,1265
13029,Field Museum,41.865312,-87.617867,1261
159,Claremont Ave & Hirsch St,41.907781,-87.685854,1257
477,Manor Ave & Leland Ave,41.965875,-87.700825,1249
13196,Carpenter St & Huron St,41.894556,-87.653449,1243
13150,Michigan Ave & 18th St,41.857813,-87.62455,1239
351,Cottage Grove Ave & 51st St,41.803038,-87.606615,1208
500,Central Park Ave & Elbridge Ave,41.935337,-87.716889,1208
13124,Cannon Dr & Fullerton Ave,41.926756,-87.634429,1196
215,Damen Ave & Madison St,41.88137,-87.67493,1189
18067,Walsh Park,41.91461,-87.667968,1169
13341,Canal St & Madison St,41.882091,-87.639833,1168
335,Calumet Ave & 35th St,41.831379,-87.618034,1167
122,Ogden Ave & Congress Pkwy,41.87501,-87.67328,1160
274,Racine Ave & 15th St,41.861267,-87.656625,1158
13409,Sangamon St & Washington Blvd,41.883165,-87.6511,1157
13160,May St & Taylor St,41.869482,-87.655486,1146
661,Evanston Civic Center,42.057044,-87.686554,1103
496,Avers Ave & Belmont Ave,41.939408,-87.723574,1087
13164,Racine Ave & 18th St,41.858166,-87.656495,1084
432,Clark St & Lunt Ave,42.009074,-87.67419,1083
13108,Broadway & Argyle St,41.973815,-87.65966,1078
13229,Southport Ave & Belmont Ave,41.939478,-87.663748,1071
13248,Ashland Ave & Augusta Blvd,41.899643,-87.6677,1067
278,Wallace St & 35th St,41.830629,-87.64129,1064
449,Clark St & Columbia Ave,42.004451,-87.672402,1060
203,Western Ave & 21st St,41.854109,-87.685838,1049
15571,Broadway & Granville Ave,41.99478,-87.660285,1049
132,Wentworth Ave & 24th St (Temp),41.850084,-87.632141,1037
365,Halsted St & North Branch St,41.899368,-87.64848,1009
599,Valli Produce - Evanston Plaza,42.039742,-87.699413,1008
474,Christiana Ave & Lawrence Ave,41.968354,-87.711831,993
476,Kedzie Ave & Leland Ave,41.966686,-87.708052,990
336,Cottage Grove Ave & 47th St,41.809855,-87.606755,983
279,Halsted St & 35th St,41.830661,-87.647172,982
656,Damen Ave & Walnut (Lake) St,41.885951,-87.677009,976
655,Hoyne Ave & Balmoral Ave,41.979851,-87.681932,970
271,Cottage Grove Ave & 43rd St,41.816499,-87.606582,969
450,Warren Park West,42.001785,-87.688829,965
13257,Campbell Ave & North Ave,41.910535,-87.689556,965
602,Central St & Girard Ave,42.064313,-87.686152,963
13216,State St & 33rd St,41.834734,-87.625813,955
15651,Humboldt Blvd & Armitage Ave,41.917513,-87.701809,948
13075,Wentworth Ave & Cermak Rd,41.853085,-87.631931,948
601,Central St Metra,42.063598,-87.69873,940
13206,Loomis St & Jackson Blvd,41.877945,-87.662007,935
470,Kedzie Ave & Foster Ave,41.975672,-87.709261,923
452,Western Ave & Granville Ave,41.994161,-87.689438,919
485,Sawyer Ave & Irving Park Rd,41.953586,-87.709311,915
13109,Broadway & Berwyn Ave,41.978353,-87.659753,914
517,Clark St & Jarvis Ave,42.015963,-87.675005,905
13241,Western Ave & Division St,41.902893,-87.687275,905
13139,Throop St & Taylor St,41.868968,-87.659141,903
631,Malcolm X College,41.877618,-87.673895,893
13135,Blue Island Ave & 18th St,41.857556,-87.661535,876
416,Dorchester Ave & 49th St,41.805772,-87.592464,871
200,MLK Jr Dr & 47th St,41.809851,-87.616279,863
366,Loomis St & Archer Ave,41.841633,-87.657435,863
13288,Damen Ave & Charleston St,41.920082,-87.677855,859
13074,Broadway & Wilson - Truman College Vaccination Site,41.965221,-87.658139,854
462,Winchester (Ravenswood) Ave & Balmoral Ave,41.979762,-87.67753,852
15550,Canal St & Taylor St,41.870257,-87.639474,851
13256,California Ave & Division St,41.903029,-87.697474,851
508,Central Park Ave & North Ave,41.909657,-87.716632,844
15575,Broadway & Thorndale Ave,41.989743,-87.660141,843
18058,Leavitt St & Chicago Ave,41.895501,-87.682017,841
13028,900 W Harrison St,41.874754,-87.649807,840
209,Normal Ave & Archer Ave,41.849527,-87.640591,838
484,Monticello Ave & Irving Park Rd,41.954005,-87.719128,837
483,Avondale Ave & Irving Park Rd,41.953393,-87.732002,834
206,Halsted St & Archer Ave,41.847203,-87.646795,829
13258,California Ave & North Ave,41.91044,-87.6972,829
15655,Albany Ave & Bloomingdale Ave,41.914027,-87.705126,824
13292,Kedzie Ave & Palmer Ct,41.921525,-87.707322,822
448,Warren Park East,42.00455,-87.680666,821
401,Shields Ave & 28th Pl,41.842733,-87.635491,815
13434,Ashland Ave & Grand Ave,41.891072,-87.666611,810
13266,Stave St & Armitage Ave,41.917741,-87.691392,806
17660,California Ave & Cortez St,41.900363,-87.696704,800
13259,California Ave & Francis Pl (Temp),41.918491,-87.697423,789
373,Kedzie Ave & Chicago Ave,41.895465,-87.706128,784
18017,Central Park Ave & Bloomingdale Ave,41.914166,-87.716755,769
410,Prairie Ave & 43rd St,41.816659,-87.619412,763
479,Drake Ave & Montrose Ave,41.961154,-87.716569,742
494,Kedzie Ave & Bryn Mawr Ave,41.982397,-87.708923,740
352,Jeffery Blvd & 67th St,41.773518,-87.577143,738
619,Keystone Ave & Fullerton Ave,41.92459,-87.72785,732
136,Racine Ave & 13th St,41.865054,-87.656959,728
468,Budlong Woods Library,41.983665,-87.696423,720
428,Dorchester Ave & 63rd St,41.780406,-87.591416,719
13319,Ashland Ave & Grace St,41.950687,-87.6687,715
518,Conservatory Dr & Lake St,41.885502,-87.716866,713
13242,Milwaukee Ave & Rockwell St,41.920196,-87.692659,713
15578,Broadway & Ridge Ave,41.984045,-87.660274,692
399,South Shore Dr & 74th St,41.762189,-87.559275,688
600,Dodge Ave & Church St,42.048308,-87.698224,687
13217,Calumet Ave & 33rd St,41.8349,-87.61793,686
135,Halsted St & 21st St,41.85378,-87.64665,682
403,Wentworth Ave & 33rd St,41.83453,-87.631823,680
15653,Troy St & North Ave,41.909769,-87.70528,675
437,Washtenaw Ave & Ogden Ave,41.86193,-87.69345,672
13271,Damen Ave & Clybourn Ave,41.931931,-87.677856,671
495,Keystone Ave & Montrose Ave,41.961108,-87.72897,670
442,California Ave & 23rd Pl,41.84911,-87.69514,670
13056,Canal St & Monroe St,41.88169,-87.63953,667
415,Calumet Ave & 51st St,41.802295,-87.618054,657
13155,Racine Ave & Randolph St,41.884069,-87.656853,657
13138,Canal St & Jackson Blvd,41.877245,-87.639366,654
367,Racine Ave & 35th St,41.830696,-87.655976,651
469,St. Louis Ave & Balmoral Ave,41.980394,-87.716115,643
13073,Ashland Ave & Lake St,41.88592,-87.66717,643
662,Dodge Ave & Mulford St,42.023463,-87.699595,629
13215,Rhodes Ave & 32nd St,41.836208,-87.613533,623
13294,Greenview Ave & Diversey Pkwy,41.93259,-87.665936,621
589,Milwaukee Ave & Cuyler Ave,41.954468,-87.749594,620
527,Western Ave & Howard St,42.018901,-87.690048,619
167,Damen Ave & Coulter St,41.8492,-87.67564,617
13432,Wood St & Hubbard St,41.889899,-87.671473,612
348,California Ave & 21st St,41.853804,-87.695742,609
15646,California Ave & Altgeld St,41.92669,-87.697668,609
13253,Lincoln Ave & Waveland Ave,41.948797,-87.675278,607
456,2112 W Peterson Ave,41.991178,-87.683593,603
15650,Spaulding Ave & Armitage Ave,41.917108,-87.710221,602
598,Elmwood Ave & Austin St,42.025784,-87.684107,597
13144,Seeley Ave & Roscoe St,41.943403,-87.679618,589
13197,Elizabeth (May) St & Fulton St,41.886616,-87.65804,586
13134,Damen Ave & Madison St,41.88137,-87.67493,584
13268,Damen Ave & Wellington Ave,41.93588,-87.67842,574
353,Clark St & Touhy Ave,42.01256,-87.674367,570
13163,Morgan St & 18th St,41.858086,-87.651073,569
281,Western Ave & 24th St,41.84847,-87.685109,566
546,Damen Ave & Pershing Rd,41.823192,-87.676597,564
193,State St & 29th St,41.841707,-87.626938,557
103,Clinton St & Polk St,41.871467,-87.640949,553
455,Maplewood Ave & Peterson Ave,41.990236,-87.69337,539
262,Halsted St & 37th St,41.827059,-87.64572,538
422,DuSable Museum,41.791568,-87.607852,534
666,Cherry Ave & Blackhawk St,41.907221,-87.655618,529
13269,Ashland Ave & Wellington Ave,41.936082999999996,-87.669807,529
13354,Ashland Ave & 13th St,41.865234,-87.666507,526
488,Pulaski Rd & Eddy St (Temp),41.946264,-87.731023,525
369,Wood St & 35th St,41.830105,-87.670298,519
13296,Ashland Ave & Wrightwood Ave,41.92883,-87.668507,514
368,Ashland Ave & Archer Ave,41.839209,-87.66561,507
201,Indiana Ave & 40th St,41.82168,-87.6216,505
11,Jeffery Blvd & 71st St,41.766638,-87.57645,502
640,Bernard St & Elston Ave,41.949923,-87.713949,502
15648,Campbell Ave & Fullerton Ave,41.924632,-87.689307,500
377,Kedzie Ave & Lake St,41.884603,-87.706304,496
15622,California Ave & Montrose Ave,41.961068,-87.695439,493
630,Kildare Ave & Montrose Ave,41.96108,-87.73569,488
408,Union Ave & Root St,41.819102,-87.643278,485
663,Lincolnwood Dr & Central St,42.064854,-87.715297,482
653,Cornell Dr & Hayes Dr,41.780595,-87.584846,482
514,Ridge Blvd & Howard St,42.019276,-87.68452,481
526,Oakley Ave & Touhy Ave,42.012342,-87.688243,473
378,California Ave & Lake St,41.884454,-87.696298,472
645,Archer (Damen) Ave & 37th St,41.826712,-87.683144,468
13398,Blackstone Ave & Hyde Park Blvd,41.802562,-87.590368,467
9,Leavitt St & Archer Ave,41.828792,-87.680604,457
590,Kilbourn Ave & Irving Park Rd,41.953733,-87.740569,449
102,Stony Island Ave & 67th St,41.773458,-87.58534,447
13037,Clinton St & Tilden St,41.875885,-87.640795,424
592,Knox Ave & Montrose Ave,41.960631,-87.745359,421
405,Wentworth Ave & 35th St,41.830777,-87.632504,418
591,Kilbourn Ave & Milwaukee Ave,41.948818,-87.74002,417
411,Halsted St & 47th Pl,41.808134,-87.645617,416
15642,California Ave & Fletcher St,41.938429,-87.698008,415
427,Cottage Grove Ave & 63rd St,41.780599,-87.606112,413
13099,Halsted St & 18th St,41.857499,-87.646277,405
13307,Laflin St & Cullerton St,41.854915,-87.66356,401
431,Eberhart Ave & 61st St,41.784142,-87.613308,391
13089,Damen Ave & Cullerton St,41.854967,-87.6757,391
522,Bosworth Ave & Howard St,42.019537,-87.669563,385
15643,Kosciuszko Park,41.930585,-87.723777,385
15644,Central Park Ave & Elbridge Ave,41.935337,-87.716889,378
398,Rainbow Beach,41.757871,-87.549386,377
15654,Spaulding Ave & Division St,41.902707,-87.70922,373
204,Prairie Ave & Garfield Blvd,41.794853,-87.618691,367
466,Ridge Blvd & Touhy Ave,42.012132,-87.682913,366
532,Austin Blvd & Lake St,41.887919,-87.774446,364
95,Stony Island Ave & 64th St,41.778881,-87.586647,363
13143,Damen Ave & Melrose Ave,41.9406,-87.6785,360
13081,Ogden Ave & Congress Pkwy,41.87501,-87.67328,357
15546,Calumet Ave & 21st St,41.854184,-87.619154,356
436,Fairfield Ave & Roosevelt Rd,41.866624,-87.694521,355
13245,Claremont Ave & Hirsch St,41.907781,-87.685854,353
519,Wolcott Ave & Fargo Ave,42.016977,-87.677725,352
438,Central Park Ave & Ogden Ave,41.854064,-87.715117,349
15667,Western Ave & Monroe St,41.879788,-87.686113,347
13331,May St & Cullerton St,41.855136,-87.654127,342
15491,63rd St Beach,41.781016,-87.57612,335
489,Drake Ave & Addison St,41.947326,-87.717582,334
13304,Racine Ave & 15th St,41.861267,-87.656625,332
15628,California Ave & Byron St,41.952162,-87.698051,330
13249,Ashland Ave & Belle Plaine Ave,41.956057,-87.668835,329
356,Stony Island Ave & 71st St,41.766493,-87.586461,327
13091,Western Ave & 21st St,41.854109,-87.685838,321
15645,Richmond St & Diversey Ave,41.931902,-87.701195,319
443,Millard Ave & 26th St,41.844567,-87.71591,315
550,Central Ave & Chicago Ave,41.894958,-87.764902,310
421,MLK Jr Dr & 56th St,41.793429,-87.615853,308
15445,Wentworth Ave & 33rd St,41.83453,-87.631823,302
375,Sacramento Blvd & Franklin Blvd,41.890469,-87.702608,301
13326,Canal St & Harrison St,41.874255,-87.639573,298
15668,Western Ave & Congress Pkwy,41.874749,-87.686445,297
15631,Troy St & Elston Ave,41.945244,-87.70665,296
579,Phillips Ave & 79th St,41.75182,-87.565211,291
15623,Campbell Ave & Montrose Ave,41.961526,-87.691165,286
544,Austin Blvd & Madison St,41.880281,-87.774453,285
15634,Western Ave & Roscoe St,41.943034,-87.687288,281
595,Wabash Ave & 87th St,41.736646,-87.622634,280
407,State St & Pershing Rd,41.823015,-87.626568,280
444,Albany Ave & 26th St,41.844475,-87.702013,277
671,HUBBARD ST BIKE CHECKING (LBS-WH-TEST),41.889955,-87.680651,277
18016,Bernard St & Elston Ave,41.949923,-87.713949,261
412,Princeton Ave & 47th St,41.809318,-87.633449,259
559,Racine Ave & Garfield Blvd,41.794228,-87.655073,256
594,Western Blvd & 48th Pl,41.805661,-87.683392,254
575,Cottage Grove Ave & 78th St,41.753174,-87.605026,239
15621,Albany Ave & Montrose Ave,41.961041,-87.705866,239
573,State St & 79th St,41.750794,-87.624424,237
542,Central Ave & Madison St,41.880121,-87.763238,236
585,Cottage Grove Ave & 83rd St,41.743441,-87.604836,236
15632,Talman Ave & Addison St,41.946636,-87.694615,236
16920,Central Ave & Chicago Ave,41.894958,-87.764902,234
583,Stony Island Ave & 82nd St,41.746559,-87.586005,233
439,Kedzie Ave & 21st St,41.853534,-87.705073,231
270,Stony Island Ave & 75th St,41.75867,-87.586883,230
15664,Artesian Ave & Hubbard St,41.889492,-87.688219,230
15542,Clinton St & Polk St,41.871467,-87.640949,229
446,Western Ave & 28th St,41.841518,-87.685131,228
396,Yates Blvd & 75th St,41.758768,-87.56644,228
429,Cottage Grove Ave & 67th St,41.773721,-87.605635,226
395,Jeffery Blvd & 76th St,41.75712,-87.575839,225
430,MLK Jr Dr & 63rd St,41.780081,-87.615943,224
524,Austin Blvd & Chicago Ave,41.894887,-87.774704,219
15652,Central Park Ave & North Ave,41.909657,-87.716632,217
435,Kedzie Ave & Roosevelt Rd,41.866493,-87.706496,216
540,Laramie Ave & Madison St,41.880207,-87.755337,215
15640,Avers Ave & Belmont Ave,41.939408,-87.723574,215
545,Kostner Ave & Adams St,41.877917,-87.735737,213
388,Halsted St & 63rd St,41.779381,-87.644621,212
13162,Halsted St & 21st St,41.85378,-87.646603,208
13096,California Ave & 21st St,41.853804,-87.695742,206
547,Ashland Ave & Pershing Rd,41.823465,-87.665577,201
533,Central Park Blvd & 5th Ave,41.875679,-87.71547,199
576,Greenwood Ave & 79th St,41.751294,-87.597552,198
582,Phillips Ave & 83rd St,41.744531,-87.56506,198
15446,Racine Ave & 35th St,41.830696,-87.655976,192
441,Kedzie Ave & 24th St,41.848191,-87.705414,189
577,Stony Island Ave & South Chicago Ave,41.751173,-87.585337,185
541,Central Ave & Harrison St,41.872993,-87.764499,184
551,Hoyne Ave & 47th St,41.808227,-87.67718,184
15624,Avondale Ave & Irving Park Rd,41.953393,-87.732002,181
18069,Cherry Ave & Blackhawk St,41.907221,-87.655618,180
646,State St & 54th St,41.796642,-87.625923,179
581,Commercial Ave & 83rd St,41.744615,-87.551208,178
528,Pulaski Rd & Lake St,41.885409,-87.726491,178
15442,Ashland Ave & Archer Ave,41.839209,-87.66561,177
13345,Calumet Ave & 35th St,41.831379,-87.618034,173
13165,Racine Ave & 13th St,41.865054,-87.656959,172
571,Vernon Ave & 75th St,41.758361,-87.614138,171
531,Central Ave & Lake St,41.887664,-87.765469,170
580,Exchange Ave & 79th St,41.751731,-87.552812,170
385,Princeton Ave & Garfield Blvd,41.794982,-87.633124,168
15689,California Ave & 23rd Pl,41.84911,-87.69514,168
16806,Bosworth Ave & Howard St,42.019537,-87.669563,167
549,Marshfield Ave & 44th St,41.813996,-87.666589,165
15443,Shields Ave & 28th Pl,41.842733,-87.635491,162
552,Ashland Ave & McDowell Ave,41.80887,-87.66454,161
433,Kedzie Ave & Harrison St,41.8736,-87.704871,161
440,Central Park Ave & 24th St,41.8481,-87.715068,154
539,Cicero Ave & Quincy St,41.877613,-87.745405,153
535,Pulaski Rd & Congress Pkwy,41.874325,-87.725704,153
684,Prospect Sq & 91st St,41.728234,-87.667524,150
584,Ellis Ave & 83rd St,41.744123,-87.599034,149
650,Eggleston Ave & 69th St,41.768898,-87.635876,147
561,Damen Ave & 59th St,41.78602,-87.674167,146
16991,Milwaukee Ave & Cuyler Ave,41.954468,-87.749594,142
574,Vernon Ave & 79th St,41.75094,-87.61379,134
570,Evans Ave & 75th St,41.75849,-87.60641,133
15615,Christiana Ave & Lawrence Ave,41.968354,-87.711831,133
18022,Archer (Damen) Ave & 37th St,41.826712,-87.683144,132
393,Calumet Ave & 71st St,41.765508,-87.616918,131
445,California Ave & 26th St,41.84404,-87.695296,130
392,Perry Ave & 69th St,41.769293,-87.628196,130
642,Latrobe Ave & Chicago Ave,41.894745,-87.756895,130
15666,California Ave & Lake St,41.884454,-87.696298,126
390,Wentworth Ave & 63rd St,41.78008,-87.629746,125
534,Karlov Ave & Madison St,41.88085,-87.727907,122
13420,MLK Jr Dr & Pershing Rd,41.8246,-87.61678,121
587,Wabash Ave & 83rd St,41.743316,-87.622849,119
20232,Big Marsh Park,41.685877,-87.573824,113
537,Kenton Ave & Madison St,41.880708,-87.741018,112
558,Ashland Ave & Garfield Blvd,41.792822,-87.664429,111
689,Elizabeth St & 92nd St,41.726799,-87.65429,110
557,Seeley Ave & Garfield Blvd,41.794087,-87.675478,110
16010,Keystone Ave & Fullerton Ave,41.92459,-87.72785,109
15685,Central Park Ave & Ogden Ave,41.854064,-87.715117,107
13213,State St & 29th St,41.841707,-87.626938,103
687,Loomis Blvd & 84th St,41.741487,-87.65841,101
20224,Calumet Park,41.71371,-87.530844,101
16994,Kilbourn Ave & Milwaukee Ave,41.948818,-87.74002,100
683,Ashland Ave & 78th St,41.752205,-87.663699,99
553,Elizabeth St & 47th St,41.80839,-87.656526,99
548,Morgan St & Pershing Rd,41.823613,-87.650931,97
578,Bennett Ave & 79th St,41.751785,-87.578496,96
20104,State St & 95th St,41.72185,-87.622854,96
16907,Central Park Blvd & 5th Ave,41.875679,-87.71547,96
586,MLK Jr Dr & 83rd St,41.743116,-87.6148,95
15585,Budlong Woods Library,41.983665,-87.696423,95
682,Eberhart Ave & 91st St,41.729267,-87.611829,94
555,Ashland Ave & 50th St,41.803023,-87.664699,91
649,Stewart Ave & 63rd St,41.779835,-87.634774,90
16921,Austin Blvd & Chicago Ave,41.894887,-87.774704,90
13083,Indiana Ave & 40th St,41.82168,-87.6216,90
556,Throop St & 52nd St,41.799659,-87.657195,88
588,South Chicago Ave & 83rd St,41.743921,-87.575225,87
717,Big Marsh Park,41.685877,-87.573824,87
20106,Chicago State University,41.718963,-87.608296,87
530,Laramie Ave & Kinzie St,41.887832,-87.755527,86
703,Greenwood Ave & 97th St,41.718703,-87.597036,86
384,Halsted St & 51st St,41.801832,-87.645214,84
529,Cicero Ave & Lake St,41.886841,-87.745261,83
20203,Lawndale Ave & 111th St,41.691319,-87.712886,83
16906,Austin Blvd & Lake St,41.887919,-87.774446,82
554,Damen Ave & 51st St,41.800908,-87.674684,81
690,State St & 95th St,41.72185,-87.622854,81
563,Ashland Ave & 63rd St,41.779374,-87.664843,80
693,Baltimore Ave & 87th St,41.737336,-87.548515,79
696,Indiana Ave & 103rd St,41.70717,-87.618472,78
15470,Calumet Ave & 51st St,41.802295,-87.618054,78
674,Michigan Ave & 71st St,41.765286,-87.621748,76
16918,Austin Blvd & Madison St,41.880281,-87.774453,75
543,Laramie Ave & Gladys Ave,41.875806,-87.755285,74
391,Halsted St & 69th St,41.769062,-87.644614,73
593,Halsted St & 59th St,41.787539,-87.644874,69
20119,Elizabeth St & 92nd St,41.726799,-87.65429,69
386,Halsted St & 56th St,41.79293,-87.64499,68
400,Cottage Grove Ave & 71st St,41.765719,-87.60496,68
20238,Greenwood Ave & 97th St,41.718703,-87.597036,68
569,Woodlawn Ave & 75th St,41.75916,-87.595751,66
694,Houston Ave & 92nd St,41.728204,-87.5497,65
564,Racine Ave & 65th St,41.775393,-87.654308,64
16905,Central Ave & Lake St,41.887664,-87.765469,62
20103,Prospect Sq & 91st St,41.728234,-87.667524,62
20222,Burnham Greenway & 105th St,41.704575,-87.528232,61
15691,Albany Ave & 26th St,41.844475,-87.702013,61
691,Eggleston Ave & 92nd St,41.727576,-87.634828,59
677,Stewart Ave & 83rd St,41.743717,-87.634088,58
15686,Kedzie Ave & 21st St,41.853534,-87.705073,58
568,Vincennes Ave & 75th St,41.75797,-87.63121,56
567,May St & 69th St,41.768938,-87.652934,56
20206,Homewood Ave & 115th St,41.684595,-87.670708,56
20116,Dauphin Ave & 87th St,41.736559,-87.601258,56
566,Ashland Ave & 69th St,41.768726,-87.664069,53
16916,Central Ave & Madison St,41.880121,-87.763238,53
565,Ashland Ave & 66th St,41.774074,-87.663815,52
20230,Clyde Ave & 87th St,41.737151,-87.57274,52
538,Cicero Ave & Flournoy St,41.872131,-87.746619,51
536,Kostner Ave & Lake St,41.885928,-87.73541,51
697,Oglesby Ave & 100th St,41.713397,-87.565842,51
20121,Loomis Blvd & 84th St,41.741487,-87.65841,51
686,East End Ave & 87th St,41.736815,-87.582801,50
652,Rhodes Ave & 71st St,41.766,-87.611726,48
16903,Cicero Ave & Lake St,41.886841,-87.745261,48
20229,Baltimore Ave & 87th St,41.737336,-87.548515,47
572,State St & 76th St,41.756971,-87.624621,45
16932,Ashland Ave & Pershing Rd,41.823465,-87.665577,45
20107,Walden Pkwy & 100th St,41.712164,-87.667733,44
700,Halsted St & 96th St,41.719712,-87.64302,43
681,Halsted St & 78th St,41.752487,-87.643902,43
685,Summit Ave & 86th St,41.737848,-87.6449,43
647,Elizabeth St & 59th St,41.786691,-87.655859,42
15682,Kedzie Ave & Roosevelt Rd,41.866493,-87.706496,42
20213,Commercial Ave & 130th St,41.65915,-87.550762,42
20110,Eberhart Ave & 91st St,41.729425,-87.609529,41
704,Avenue O & 134th St,41.651868,-87.539671,40
15692,California Ave & 26th St,41.84404,-87.695296,39
699,Vernon Ave & 107th St,41.700121,-87.61226,38
20239,Marquette Ave & 89th St,41.733669,-87.558342,38
20214,Avenue O & 134th St,41.651868,-87.539671,38
20205,Western Ave & 111th St,41.691211,-87.681297,38
560,Marshfield Ave & 59th St,41.786833,-87.666215,37
20231,East End Ave & 87th St,41.736815,-87.582801,37
20227,Bradley Park,41.717878,-87.564592,37
20112,Indiana Ave & 103rd St,41.70717,-87.618472,37
706,Dauphin Ave & 87th St,41.736559,-87.601258,36
16933,Morgan St & Pershing Rd,41.823613,-87.650931,36
20223,Ewing Ave & Burnham Greenway,41.712749,-87.534814,35
20131,Cottage Grove Ave & 111th Pl,41.69171,-87.610002,35
16915,Central Ave & Harrison St,41.872993,-87.764499,35
678,Halsted St & 73rd St,41.761605,-87.644161,34
20207,Major Taylor Trail & 115th St,41.684932,-87.645289,34
20218,Avenue O & 118th St,41.681001,-87.537931,34
15687,Central Park Ave & 24th St,41.8481,-87.715068,34
20120,Stewart Ave & 83rd St,41.743717,-87.634088,33
710,Burnham Greenway & 105th St,41.704575,-87.528232,32
698,Cottage Grove Ave & 111th Pl,41.69171,-87.610002,32
562,Racine Ave & 61st St,41.783189,-87.654372,32
16913,Cicero Ave & Quincy St,41.877613,-87.745405,32
20208,Major Taylor Trail & 124th St,41.668696,-87.637113,31
20243,Michigan Ave & 114th St,41.687015,-87.621052,30
20109,Vernon Ave & 107th St,41.700121,-87.61226,30
16937,Ashland Ave & McDowell Ave,41.80887,-87.66454,30
20105,Halsted St & 96th St,41.719712,-87.64302,30
409,Shields Ave & 43rd St,41.816208,-87.634819,29
713,Major Taylor Trail & 115th St,41.684932,-87.645289,29
15449,State St & Pershing Rd,41.823015,-87.626568,29
16940,Ashland Ave & 50th St,41.803023,-87.664699,29
692,Marquette Ave & 89th St,41.733669,-87.558342,28
679,Ashland Ave & 74th St,41.759236,-87.663474,28
665,South Chicago Ave & Elliot Ave,41.747363,-87.580046,28
702,Greenwood Ave & 91st St,41.728264,-87.597299,28
20210,State St & 123rd St,41.670644,-87.622586,28
20130,Wentworth Ave & 104th St,41.705308,-87.629217,28
721,Walden Pkwy & 100th St,41.712164,-87.667733,27
705,Stony Island Ave & 90th St,41.731395,-87.585744,27
20127,Halsted St & 111th St,41.692263,-87.642612,26
20108,Hale Ave & 107th St,41.699206,-87.668919,26
20226,Oglesby Ave & 100th St,41.713397,-87.565842,26
20211,Eberhart Ave & 131st St,41.658413,-87.610711,26
20123,Western Ave & 104th St,41.704587,-87.681203,25
695,Dauphin Ave & 103rd St,41.70725,-87.607663,24
731,Bradley Park,41.717878,-87.564592,24
20113,Dauphin Ave & 103rd St,41.70725,-87.607663,23
20204,Kedzie Ave & 110th St,41.692395,-87.700961,23
701,Constance Ave & 95th St,41.722291,-87.578968,22
20236,Stony Island Ave & 90th St,41.731395,-87.585744,22
13080,Hermitage Ave & Polk St,41.871514,-87.669886,22
714,State St & 123rd St,41.670718,-87.622859,21
15597,Halsted St & 69th St,41.769062,-87.644614,21
711,Halsted St & 111th St,41.692281,-87.642664,20
648,Carpenter St & 63rd St,41.77987,-87.650919,20
20244,Halsted St & 73rd St,41.761605,-87.644161,20
20124,Vincennes Ave & 104th St,41.704926,-87.656868,20
725,Halsted St & 104th St,41.705178,-87.642445,19
718,Ewing Ave & Burnham Greenway,41.712749,-87.534814,18
16948,Ashland Ave & 63rd St,41.779374,-87.664843,18
20215,Hegewisch Metra Station,41.648501,-87.54609,18
20129,Ada St & 113th St,41.687562,-87.655476,18
709,Michigan Ave & 114th St,41.687031,-87.6212,17
708,Clyde Ave & 87th St,41.737151,-87.57274,17
20233,Halsted St & 78th St,41.752487,-87.643902,17
16950,Ashland Ave & 66th St,41.774074,-87.663815,17
16943,Ashland Ave & Garfield Blvd,41.792822,-87.664429,17
20242,Houston Ave & 92nd St,41.728204,-87.5497,17
723,Hale Ave & 107th St,41.699206,-87.668919,16
707,Torrence Ave & 106th St,41.702801,-87.559726,15
722,Commercial Ave & 130th St,41.65915,-87.550762,15
727,Ada St & 113th St,41.68755,-87.655424,15
651,Michigan Ave & 71st St,41.7653,-87.6217,15
20235,Greenwood Ave & 91st St,41.728264,-87.597299,15
20245,Ashland Ave & 74th St,41.759236,-87.663474,15
16970,Bennett Ave & 79th St,41.751785,-87.578496,15
20101,Summit Ave & 86th St,41.737848,-87.6449,15
16912,Cicero Ave & Flournoy St,41.872131,-87.746619,14
20118,Eggleston Ave & 92nd St,41.727576,-87.634828,14
20125,Halsted St & 104th St,41.70514,-87.642424,14
719,Avenue O & 118th St,41.681001,-87.537931,13
20234,Ashland Ave & 78th St,41.752205,-87.663699,13
20221,Torrence Ave & 106th St,41.702801,-87.559726,13
15599,Calumet Ave & 71st St,41.765508,-87.616918,13
20228,Constance Ave & 95th St,41.722291,-87.578968,13
716,Eberhart Ave & 131st St,41.658413,-87.610711,12
20225,Commercial Ave & 100th St,41.713317,-87.551098,11
16953,Vincennes Ave & 75th St,41.75797,-87.63121,10
726,Vincennes Ave & 104th St,41.704979,-87.657013,9
20217,Torrence Ave & 126th Pl,41.666312,-87.557216,9
201022,Loomis St & 89th St,41.73238,-87.658069,9
720,Torrence Ave & 126th Pl,41.666312,-87.557216,7
712,Wentworth Ave & 104th St,41.705308,-87.629217,7
730,Lawndale Ave & 111th St,41.691327,-87.71279,7
20212,Altgeld Gardens,41.656666,-87.598801,6
715,Major Taylor Trail & 124th St,41.668696,-87.637113,5
728,Western Ave & 111th St,41.69122,-87.681303,5
724,Homewood Ave & 115th St,41.684595,-87.670708,4
18025,Carpenter St & 63rd St,41.77987,-87.650919,4
20201,Kedzie Ave & 104th St,41.7,-87.7,3
732,Hegewisch Metra Station,41.648501,-87.54609,1
