単語,件数
事業,217
取り組み,139
事業会社,128
報酬,110
戦略,107
財務,104
投資,103
環境,99
車載,89
CO2,87
重要,82
実現,81
向上,80
推進,79
パナソニック,75
社会,74
削減,71
貢献,70
電池,70
工場,69
技術,63
社員,62
成長,59
課題,56
評価,56
強化,55
拡大,50
全体,50
企業,48
実施,48
創出,47
パナソニックグループ,47
必要,47
領域,45
排出,44
議論,43
活用,42
システム,42
中期,42
会社,41
人権,41
PX,41
競争力,40
現在,40
決定,40
活動,39
連動,39
プロセス,38
メッセージ,38
参照,38
体制,38
一人ひとり,38
お客様,37
株主,37
価値,36
安全,36
構成,36
ホールディングス,35
指標,35
今後,35
対応,33
尊重,32
サステナビリティ,32
コーポレート・ガバナンス,32
拠点,32
日本,31
可能,31
健康,31
実績,30
目標,30
AI,30
売上高,30
基本,29
比率,29
特定,29
PHD,29
製品,29
情報,29
対話,28
人事,28
株式,28
帰属,28
材料,28
営業,28
マテリアリティ,28
市場,28
リスク,28
監督,27
中長期,27
企業価値,27
業務,27
キャッシュ・フロー,26
生産,26
自社,26
ハイライト,26
変革,25
継続,25
認識,25
資本市場,25
P,25
技術戦略,25
改善,25
親会社,25
グローバル,25
エナジー,25
執行,25
所有者,25
結果,25
supply chain,24
制度,24
開発,24
将来,24
共通,24
変化,24
ソリューション,24
米国,24
機能,24
構築,24
解決,24
IFRS,24
実効性,23
地域,23
挑戦,23
期待,23
Panasonic Transformation,23
方針,23
責任,23
資本,22
導入,22
視点,22
詳細,22
女性,22
ポートフォリオ,22
主要,22
説明会,22
コネクト,22
対談,21
機会,21
中国,21
ROE,21
サービス,21
関連,21
水素,21
売上,21
収益,21
当期純利益,20
国内,20
欧州,20
項目,20
営業利益,20
達成,20
支給,20
報告,20
開始,20
津賀,19
樹脂,19
移行,19
災害,19
設定,19
資源,19
海外,19
Panasonic,19
短期,19
快適,19
ステークホルダー,19
EBITDA,19
インダストリー,19
監査,19
重点,19
エネルギー,19
進化,19
長期,19
累積,18
観点,18
社内,18
前年度,18
対象,18
米国会計基準,18
⾨,18
考え方,18
特許,18
従業員,17
展開,17
DEI,17
資金,17
皆様,17
その他,17
人材,17
加速,17
進捗,17
省エネ,16
使用,16
現場,16
KGI,16
範囲,16
楠見,16
EV,16
製造,16
委員会,16
生涯,16
北米,16
徹底,16
多様,16
原則,16
自主,16
成果,15
確保,15
デジタル,15
Panasonic GREEN IMPACT,15
データブック,15
検討,15
リサイクル,15
空調,15
空,15
収益性,15
件数,15
独立,15
両立,15
IT,15
能力,15
連結,15
反映,14
2.0,14
マネジメント,14
開催,14
エンゲージメント,14
主,14
実質,14
配当,14
知的財産,14
冨山,14
IMPACT,14
指名,14
循環,14
基本方針,14
判断,14
管理職,14
幸せ,14
Wellbeing,14
豊か,14
IRA,14
産業,14
ブルーヨンダー,14
理想,13
支援,13
適切,13
調整,13
スコープ,13
機器,13
サイバーセキュリティ,13
基盤,13
A,13
創造,13
集中,13
サプライチェーン・マネジメント,13
議案,13
実践,13
個人,13
歩み,13
連携,13
最大,13
PBR,13
モノ,13
オートモーティブ,13
内容,13
持分,12
増加,12
株価,12
役割,12
再生可能エネルギー,12
安定,12
計画,12
合計,12
調達,12
業界,12
社外,12
ビジネス,12
発揮,12
トップ,12
譲渡,12
事業活動,12
購入,12
制限,12
円筒,12
CF,12
姿,12
案件,12
諮問,12
意思決定,12
水準,12
知見,12
外部,12
目的,12
持続,11
理解,11
安心,11
投資家,11
多様性,11
後継者,11
技術開発,11
成形,11
廃棄物,11
経験,11
付加価値,11
軸,11
Panasonic Holdings,11
注力,11
自ら,11
パートナー,11
従来,11
要素,11
テーマ,11
回復,11
分野,11
労働,11
モニタリング,11
区分,11
管理,11
ROIC,11
中心,11
地球環境問題,11
確認,11
再生,11
of,10
先様,10
抽出,10
分析,10
リスクマネジメント,10
独,10
過去,10
総資産,10
幹部,10
IR,10
社外監査役,10
柱,10
生産能力,10
C,10
行動,10
資料,10
建設,10
キャリア,10
家電,10
利益,10
太陽光発電,10
カーボンニュートラル,10
当たり,10
累計,10
バリュー・チェーン,10
カンザス,10
経営者,10
変動,10
7つ,10
商品,10
メンバー,10
ガバナンス,10
モデル,10
職場,10
オペレーション,10
心,10
実行,10
温水,10
販売,10
対策,10
暖房,10
部分,9
1億,9
適用,9
資産,9
サーキュラーエコノミー,9
CE,9
明確,9
燃料電池,9
維持,9
償却,9
計上,9
利用,9
GWh,9
具体,9
重篤,9
MSCI,9
モビリティ,9
会議,9
審議,9
開示,9
意思,9
答申,9
表示,9
見通し,9
仕組み,9
ハラスメント,9
10%,9
年間,9
専,9
期末,9
フェーズ,9
記載,9
コックピット,9
ヒートポンプ,9
北東アジア,8
規模,8
物,8
意見,8
強み,8
標準化,8
促進,8
代表,8
Compliance,8
規律,8
安全性,8
研究,8
回答,8
平均,8
発信,8
優位,8
提案,8
リチウムイオン電池,8
信託,8
配当性向,8
給湯,8
意識調査,8
設備,8
効率,8
減価償却費,8
オートモーティブシステムズ,8
CHRO,8
研究開発,8
大幅,8
算出,8
充実,8
定時株主総会,8
生分解,8
統合報告書,8
見直し,8
生産性,8
持株会社,8
常務,8
デバイス,8
電力,8
発電,8
民生,8
Glance,8
共有,8
競争,8
経営課題,8
利活用,8
整備,8
問題,8
At,8
全社,8
Group,8
事例,8
複数,8
研修,8
電気,8
リーダー,8
ベース,8
設置,8
ソフトウェア,7
コスト,7
ブランド,7
新規,7
標準,7
発生,7
常任,7
FA,7
策定,7
指数,7
キャッシュ,7
当該,7
前年,7
総額,7
高位,7
有利子負債,7
基準,7
役員報酬,7
統合,7
ネバダ,7
他社,7
アロケーション,7
容量,7
企画,7
電材,7
4つ,7
運営,7
供給,7
イメージ,7
推移,7
十分,7
勤務,7
施策,7
積極,7
CTO,7
O,7
キャピタル,7
セル,7
炭素,7
売却,7
金額,7
コミュニティ,7
為替,7
自発,7
職場環境,7
5兆円,7
ポスト,7
AND,7
方式,7
インフレ抑制,7
経理,7
無形資産,7
GREEN,7
選択肢,7
単位,7
当初,7
減少,7
撲滅,7
需要,7
提供,7
完了,7
重大,7
ステップ,7
最小,7
DX,7
顧客,7
共創,7
着実,7
事業戦略,7
記述,7
所長,6
経営戦略,6
NETWORKS,6
作成,6
指,6
配当金,6
コンデンサ,6
出席,6
電子材料,6
センター,6
エネルギー密度,6
説明,6
順守,6
家庭,6
源泉,6
換算,6
末,6
テレビ,6
器具,6
一部,6
異動,6
金銭,6
数値,6
責任者,6
エンターテインメント,6
当たり年,6
前提,6
営業利益率,6
2W,6
補助金,6
権限,6
競争優位性,6
具体的,6
受賞,6
成長戦略,6
電動,6
死亡,6
リード,6
算定,6
任命,6
地球温暖化,6
該当,6
組織,6
目安,6
テクノロジー,6
買収,6
創業,6
段階,6
支出,6
増益,6
選任,6
安定的,6
カンザス州,6
割合,6
継続的,6
高騰,6
SCM,6
妥当性,6
改定,6
照明,6
2つ,6
梅田,6
経済産業省,6
セルロースファイバー,6
エネ,6
登用,6
PCO,6
低減,6
会計,6
プラズマテレビ,6
備え,6
有形,6
PAS,6
部長,6
CFP,6
質,6
意欲,6
空間,6
GX,6
副業,6
自律,6
キャリア形成,6
セグメント,6
準備,5
氏名,5
退任,5
減益,5
レベル,5
変更,5
ロボティクス,5
重点的,5
イノベーション,5
中長期的,5
水素燃料,5
設備投資,5
メタ,5
所有,5
独自,5
予想,5
課長,5
プロジェクト,5
CSR,5
CSO,5
持続的,5
防止,5
産業構造,5
最適,5
育成,5
BY,5
同様,5
オペレーショナルエクセレンス,5
設計,5
物流,5
AVC,5
配線,5
ウエイト,5
成功,5
フリー,5
アジア,5
相当,5
⾨真,5
成長性,5
事業拡大,5
500億円,5
年度,5
増強,5
原資,5
カテゴリ,5
WEBサイト,5
由来,5
調査,5
供給契約,5
思い,5
3つ,5
ソリューションズ,5
Inclusion,5
オートメーション,5
サポート,5
実装,5
延べ,5
参画,5
P5,5
価格,5
働きがい,5
設立,5
個性,5
原材料,5
各国,5
発明,5
本部長,5
国際,5
把握,5
IPF,5
50%,5
目標達成,5
博和,5
前後,5
予定,5
介護,5
雄規,5
Equity,5
Diversity,5
公募,5
ペロブスカイト太陽電池,5
動向,5
法務,5
説明責任,5
枯渇,5
競合,5
オペレーショナル・エクセレンス,5
or,5
事項,5
戦略会議,5
決議,5
電解,5
PwC,5
コミュニケーション,5
事業領域,5
カルチャー,5
サイト,5
PLAN,5
運用,5
対応力,5
管理籍,5
PEC,5
PID,5
通信,5
内部監査,5
リレー,5
REGAL,5
フィードバック,5
国際的,5
コア,5
地球,5
ビジョン,5
制御,5
カテゴリー,5
通報,5
アプライアンス,5
使命,5
是正,5
重視,5
要請,5
進展,5
アンケート,5
半減,5
D,5
本間,4
取引,4
人的,4
自由,4
真,4
agile,4
GIP,4
当時,4
横断,4
基嗣,4
エレクトロニクス,4
Well,4
借入,4
追求,4
宮部,4
Sustainability,4
任,4
毎年,4
幅,4
W,4
GC,4
リース,4
半導体,4
鳥瞰,4
哲朗,4
コーポレート,4
引当,4
一人,4
伸長,4
発展,4
修正,4
佐藤,4
8兆円,4
ITS,4
市況,4
期首,4
エグゼクティブ,4
委員長,4
連結子会社,4
肯定,4
注記,4
the,4
全員,4
質問,4
省エネ大賞,4
通り,4
信頼,4
起点,4
安定性,4
アビオ,4
調和,4
白物家電,4
心身,4
業務用,4
主体,4
法律事務所,4
IEC,4
準拠,4
体質,4
用語,4
再資源化,4
塗布,4
連結財務諸表,4
意識,4
グリーン,4
最適化,4
決算,4
CAGR,4
改革,4
公正,4
特性,4
実証,4
年期,4
仕事,4
空調設備,4
アナリスト,4
獲得,4
義幸,4
メディア,4
太陽電池,4
状態,4
大型,4
候補,4
悪化,4
現金同等物,4
現金,4
固定資産,4
体系,4
フォーカス,4
世界,4
取得,4
CROWD,4
両輪,4
還元,4
応用,4
技術面,4
スピーディ,4
コメント,4
全世界,4
蓄電,4
最高,4
T,4
L,4
浸透,4
公認会計士,4
6割,4
健全,4
経済,4
性能,4
想定,4
イベント,4
掲載,4
経営基盤,4
⾨家,4
効率化,4
経営委員会,4
情報通信,4
プログラム,4
場所,4
方々,4
廃棄,4
上昇,4
職務,4
スピード,4
解像度,4
PC,4
在庫,4
企業活動,4
短縮,4
ニーズ,4
P2,4
基礎,4
人々,4
新設,4
株主総会,4
二つ,4
排出削減,4
電化,4
委譲,4
マネージャー,4
−1,4
食料,4
私たち,4
不足,4
設問,4
The The,4
軽減,4
99%,4
責務,4
メーカー,4
委員,4
航空機,4
インフラ,4
統括,4
PER,4
人間,4
図,4
概要,4
公表,4
締結,4
インクルーシブ,4
知識,4
定義,4
情報システム,4
強靭,4
要因,4
社内外,4
スピーディー,4
注,4
通勤,4
反応,4
OWN,4
圏外,4
リスク管理,4
声,4
育児,4
次世代,4
有価証券報告書,4
後押し,4
インセンティブ,4
集約,4
資材,4
KPI,4
届け,4
インド,4
倫理,4
私自身,4
訪問,4
グループ会社,4
年額,4
WBCSD,4
濃度,4
メガトレンド,4
生産設備,4
論点,4
柔軟,4
消費電力,4
1つ,4
生成,4
進行,4
Water,4
採用,4
TO,4
Air,4
投入,4
輸送,4
任意,3
労働災害,3
構造,3
オンライン,3
I,3
米ドル,3
事務所,3
返済,3
自動,3
客観性,3
コミット,3
低下,3
方向性,3
ぱんでみっく!!,3
言葉,3
側面,3
ー,3
一宏,3
インテグリティ,3
地政学,3
部材,3
効率的,3
担保,3
信頼性,3
具現化,3
産業再生機構,3
普及,3
証書,3
関心,3
選択,3
大規模,3
金融機関,3
風土,3
ショーケース,3
皆,3
CRO,3
出力,3
光,3
Humans,3
コラム,3
ESG,3
3兆円,3
階層,3
車,3
業務効率化,3
学習,3
東京電力,3
CASE,3
世界トップレベル,3
応募,3
省人化,3
考慮,3
労働環境,3
出資,3
9%,3
ライフ,3
和彦,3
転勤,3
表明,3
各種,3
本書,3
リモート,3
フル,3
並び,3
無形,3
有,3
Chief,3
ダイバーシティ,3
あり方,3
アビオニクス,3
英治,3
カー,3
回転率,3
AIアシスタント,3
見方,3
考え,3
ロボット,3
藤井,3
育児休業,3
解任,3
比較,3
GHG,3
レバレッジ,3
決算説明会,3
比,3
測定,3
クス,3
in,3
人材戦略,3
透明性,3
シフト,3
20%,3
二次電池,3
事業展開,3
環境負荷,3
データセンター,3
下期,3
一定,3
売上高営業利益率,3
スキル,3
建,3
両面,3
基板,3
利益率,3
乾電池,3
抑制,3
吸収,3
彩子,3
Net,3
リーダーシップ,3
ミーティング,3
監査法人,3
賞与,3
分解,3
人権尊重,3
Officer,3
投下,3
前年比,3
急速,3
四半期,3
出願,3
使用権,3
特徴,3
銀行,3
個別,3
株式市場,3
上位,3
現時点,3
執行責任,3
being,3
基本的,3
予防,3
Milestone,3
使用量,3
世の中,3
デザイン,3
顧客価値,3
東京,3
Sustainable,3
総計,3
リターン,3
鍵,3
品質,3
引き合い,3
既存,3
新事業,3
適合,3
入れ替え,3
CIO,3
相談窓口,3
インフォメーション,3
酸素,3
費用,3
役,3
建材,3
担当者,3
一体型,3
配分,3
接点,3
性別,3
毎月,3
量産,3
視野,3
キャリア開発,3
アルファベット順,3
チェコ,3
参加,3
メンテナンス,3
法令,3
企業市民,3
姓,3
純利益,3
植物由来,3
見込み,3
距離,3
拡充,3
完全,3
定性,3
定量,3
契約,3
立地,3
事前,3
発表,3
エアコン,3
公開,3
日々,3
理由,3
追加,3
冷媒,3
人生,3
一体,3
B2B,3
チャレンジ,3
利益配分,3
最低,3
1倍,3
オペレーティング,3
投資判断,3
デジタル化,3
ワークス,3
コミットメント,3
年々,3
GXTI,3
デュー・ディリジェンス,3
発掘,3
有価物,3
カバー,3
900億円,3
実家,3
s,3
増減,3
国際標準,3
知財,3
PF,3
国際情勢,3
変容,3
Corporation,3
監視,3
エレクトリック,3
有言実行,3
遠隔,3
事業年度,3
時代,3
上表,3
量,3
課題解決,3
以来,3
冷蔵庫,3
13.,3
E,3
洗濯機,3
松下幸之助,3
創業者,3
原,3
固定,3
空調機器,3
德,3
本,3
花王,3
保持,3
一時,3
時期,3
役割分担,3
社会の公器,3
合理化,3
頻度,3
INDEX,3
刷新,3
300万,2
底上げ,2
CONTRIBUTION,2
170万,2
渉外,2
署名,2
主催,2
管財,2
最近,2
連続,2
トン,2
Energy,2
認知度,2
省エネルギーセンター,2
気候変動,2
可視化,2
ゼネラル,2
排出係数,2
Circular,2
Economy,2
有限責任,2
現状,2
家運,2
人材育成,2
歴史,2
立夫,2
抑止,2
業界標準,2
株主資本比率,2
分母,2
−2,2
小川,2
各社,2
プライムライフテクノロジーズ,2
ユーザベース,2
施設,2
付,2
オランダ,2
FUTURE,2
光合成,2
物質,2
分泌,2
N,2
農作物,2
活性,2
J,2
gxA,2
0%,2
無理,2
一つ一つ,2
交代,2
B,2
食糧,2
頭,2
額,2
候補者,2
弁護士,2
グループシナジー,2
空気,2
機関,2
リーグ,2
kinari,2
事業部,2
強度,2
視察,2
終了,2
着色,2
専用,2
木質,2
デザイン性,2
代理人,2
未来永劫,2
認証,2
情報提供,2
代表者,2
特許情報,2
特許庁,2
集計,2
経営陣,2
形式,2
持続可能,2
単独,2
ガイダンス,2
ECO,2
理念,2
場面,2
Yohana,2
最初,2
顔認証,2
多角,2
スタート,2
人選,2
制定,2
部品,2
オフィス,2
アクセル,2
労働力,2
走行,2
経営能力,2
1人,2
立ち位置,2
勝負,2
先端,2
一貫,2
同時,2
多面的,2
発行,2
4G,2
規格,2
有益,2
見識,2
気候,2
豊富,2
名義,2
明記,2
中立,2
法的,2
ERM,2
指針,2
映像,2
後半,2
対外的,2
CxO,2
PIPM,2
側,2
上限,2
中旬,2
EW,2
溶接ロボット,2
製造工程,2
江藤,2
馬場,2
MW,2
義信,2
PECIN,2
筒井,2
澤田,2
國夫,2
野路,2
圭太,2
西山,2
太陽光パネル,2
4K,2
松井,2
有効活用,2
効果,2
回数,2
負荷,2
排除,2
LED,2
英俊,2
彰洋,2
国連,2
中村,2
VC,2
協働,2
ホールディング,2
大洋州,2
ファイナンシャル,2
PEDJM,2
アジェンダ,2
チャイナ,2
合宿,2
努力,2
クレジット,2
確実,2
上席,2
穴,2
節子,2
由布,2
Management,2
明彦,2
先進的,2
阪神甲子園球場,2
画像,2
演出,2
フラット,2
玉置,2
機構,2
付与,2
深化,2
直面,2
BIPV,2
Fujisawa,2
編集,2
プレスリリース,2
アルカリ,2
コミュニケーション戦略,2
交換,2
動き,2
CES,2
保有,2
一環,2
マイクロプラスチック,2
石油,2
デモ,2
肇,2
着手,2
如何,2
限度,2
オープン,2
急激,2
ガス,2
デリバリー,2
員数,2
100万,2
種類,2
自然,2
FRAMeWORK,2
負の遺産,2
適所,2
チカラ,2
コンセプト,2
ゼロ・エミッション,2
地球環境,2
実用化,2
無機,2
発生件数,2
フロー,2
左記,2
PEOPLE,2
相互,2
取扱,2
事務,2
複眼的,2
配置,2
グループタレントマネジメントコミッティー,2
全体最適,2
属性,2
自己株式,2
総数,2
大阪,2
大字,2
リソース,2
大阪府,2
高級,2
マツダ,2
SUBARU,2
パートナーシップ,2
協議,2
電話,2
昨年,2
和歌山,2
オプション,2
早期,2
コミッティー,2
カーボンフットプリント,2
継承,2
米国政府,2
Wh,2
米,2
参考,2
含有量,2
人権侵害,2
複業,2
救済,2
BANK,2
レス,2
北米市場,2
国策,2
人員,2
形状,2
カストディ,2
充電,2
日本マスタートラスト信託銀行,2
作業者,2
ノウハウ,2
蓄積,2
現地,2
受講,2
不可欠,2
精査,2
本部,2
ガイドライン,2
紐,2
6兆円,2
対価,2
長期負債,2
伝統,2
グローバルな,2
負債,2
定期,2
窓口,2
為替レート,2
優先,2
9.,2
適,2
6件,2
4件,2
5件,2
表,2
簡単,2
コールドチェーン,2
3件,2
税引前利益,2
0件,2
イ,2
IR活動,2
解,2
活躍,2
規程,2
Yoky,2
Matsuoka,2
松岡陽子,2
題,2
問,2
クラス,2
ポジション,2
ベスト,2
オーナー,2
Administrative,2
相対,2
康,2
シェア,2
隅田,2
本来,2
円グラフ,2
方向,2
次第,2
終息,2
行為,2
単元,2
健,2
直結,2
Program,2
上昇傾向,2
双方,2
多層,2
一次電池,2
リチウム,2
Global,2
醸成,2
ファミリー,2
機関投資家,2
希望,2
世界中,2
思い込み,2
391人,2
プロトコル,2
67%,2
e,2
視聴,2
5つ,2
ビジネスモデル,2
調べ,2
化石,2
are,2
affiliates,2
適宜,2
国際基準,2
トレーニング,2
女性社員,2
実証実験,2
公平性,2
報告書,2
発売,2
仮定,2
自己,2
ボランティア,2
恐れ,2
不確実性,2
明示,2
ご覧,2
GENDER,2
労働時間,2
移動,2
電設,2
冷凍,2
冷蔵,2
充電器,2
HPC,2
体験,2
High,2
Performance,2
Computer,2
カメラ,2
法規制,2
自然災害,2
バーチャル,2
温暖化,2
兼務,2
ライン,2
受託,2
リードタイム,2
地域間,2
確信,2
度合い,2
権利,2
繁栄,2
喫緊,2
都市化,2
ルール,2
Tel,2
消費,2
総合,2
労働者,2
2億,2
認知,2
転換,2
技術力,2
ソフトウエア,2
密,2
出来高,2
products,2
障害,2
デジタル技術,2
LGBTQ,2
names,2
ポジティブ,2
ネガティブ,2
Service mark,2
trademarks,2
技術革新,2
LOGOS,2
インパクト,2
プロバイダー,2
アクション,2
indices,2
社内規程,2
Any,2
保護,2
企業倫理,2
対処,2
交流,2
Network,2
平時,2
有事,2
感染,2
冷凍機,2
開発プロセス,2
工程,2
差別化,2
4コア,2
資,2
ケース,2
投,2
建屋,2
AG,2
0倍,2
倍率,2
還付,2
Debt,2
システムズ,2
バランス,2
Truck,2
Daimler,2
基,2
6%,2
稼業,2
趣旨,2
Member,2
執行役,2
ケイパビリティ,2
モータ,2
発足,2
共同,2
上程,2
知恵,2
コミュニケーションズ,2
良,2
衆知,2
増産,2
九州松下電器,2
ICT,2
端末,2
本格,2
責任感,2
登録,2
販路拡大,2
1兆円,2
類型,2
One,2
手法,2
臼井,2
渥美,2
日本生命保険,2
指摘,2
生活インフラ,2
真摯,2
オートモーティブ&インダストリアルシステムズ,2
アイデア,2
Revenue,2
社,2
ロス,2
中核,2
モジュール,2
NRR,2
上場,2
シェアリング,2
ARR,2
ユニット,2
自動化,2
牽制,2
総務,2
住宅,2
CONNECT,2
グループガバナンス,2
意味,2
エア,2
COO,2
求心力,2
手触り,2
代表執行役,2
製造業,2
正直,2
SaaS,2
経営共創基盤,2
高度,2
高校2年,2
電子,2
Committee,2
Supervisory,2
正,2
吏,2
要望,2
販売増,2
前述,2
大前提,2
3つの柱,2
40%,2
ニア,2
念頭,2
需要拡大,2
UX,2
シニア,2
的確,2
ウェイト,2
増収,2
永易,2
チーム,2
対比,2
600億円,2
個々,2
けん引,2
物流費,2
就,2
Audit,2
合意,2
Board,2
近年,2
上海,2
Kt,2
増販,2
国内外,2
通商政策局,2
回収,2
法人,2
自動車,2
債権,2
一般,2
依存,2
ヒューマン・リソース,2
地位,2
確立,2
併記,2
妥当,2
エンターテインメント・モバイルソリューションズ・,2
マイナス,2
環境問題,2
カンパニー,2
オーナーシップ,2
国際財務報告基準,2
15%,2
宣言,2
売上高研究開発費率,2
IFE,2
結合,2
三島,2
進捗状況,2
−4,2
雰囲気,2
CN,2
償還,2
クロス,2
茂樹,2
活,2
電子部品,2
溶接機,2
分割,2
相談,1
充実感,1
昔,1
企業統治,1
舵,1
原点回帰,1
Women,1
問い,1
親,1
Uターン,1
同期,1
関係性,1
感心,1
裏表,1
上級,1
失敗,1
アドレナリン,1
一番,1
BtoB,1
印象,1
結果論,1
皆さん,1
弁証法,1
格差,1
テレビ事業,1
物事,1
フレックス,1
残業,1
色,1
好き,1
バック,1
キャスティング,1
液晶テレビ,1
自宅,1
2人,1
職位,1
真面目,1
クロスオーバー,1
ユニーク,1
多彩,1
第一,1
出産,1
配偶者,1
休暇,1
追随,1
就学,1
冷静,1
一般論,1
小学校,1
給与,1
ギャップ,1
経歴,1
良い意味,1
価値観,1
ロールモデル,1
セミナー,1
侃々諤々,1
プリミティブ,1
キャリアアップ,1
勉強会,1
待った,1
大事,1
Rainbow,1
新体制,1
同意書,1
契約書,1
塊,1
危険,1
半導体事業,1
立場,1
混在,1
脆弱,1
動画配信,1
難易度,1
裾野,1
広範,1
全盛期,1
脈絡,1
優先課題,1
日本の象徴,1
企業体,1
過酷,1
日本企業,1
負,1
OECD,1
対峙,1
メンバー全員,1
指導,1
大変,1
特有,1
リスク・アプローチ,1
当事者,1
第三者機関,1
守,1
秘,1
報復行為,1
外形,1
不利益,1
国連グローバル・コンパクト,1
典型,1
4分,1
言語,1
野,1
ホットライン,1
矢継ぎ早,1
従業,1
取引先,1
支持,1
履行,1
RBA,1
業界団体,1
所属,1
高度成長期,1
苦情,1
明らか,1
成熟,1
メカニズム,1
苦情処理,1
感想,1
多面,1
トランスフォーメーション,1
上下,1
国際労働機関,1
資産形成,1
長期的,1
感謝,1
容認,1
中途半端,1
章典,1
配慮,1
グローバル企業,1
ミクロ,1
犠牲,1
経営理念,1
章,1
重要性,1
授与,1
苦労,1
風格,1
表彰,1
Lab,1
Silent,1
府会,1
活き活き,1
活発,1
ネットワーク,1
サポータ,1
ILO,1
悪影響,1
限界,1
聖徳太子,1
日経平均,1
立派,1
上場企業,1
右肩上がり,1
ROE×PER,1
邪道,1
安易,1
多元的,1
自社株,1
掛け算,1
誤解,1
被害者,1
都度,1
規範,1
アドバイス,1
措置,1
永遠,1
発現,1
協力,1
AV機器,1
小粒,1
公,1
年金,1
セット,1
アセスメント,1
カスタマー,1
パネル,1
会計年度,1
啓発,1
メール,1
決算発表,1
株価指数,1
域内,1
増加傾向,1
業績悪化,1
減損,1
総会,1
動画,1
英,1
和,1
情報発信,1
タイムリー,1
841人,1
ライブ配信,1
730人,1
会場,1
554人,1
証券会社,1
ファンドマネージャー,1
エナジ,1
Day,1
一年,1
レート,1
書簡,1
情報開示,1
設,1
大阪市中央区北浜,1
済,1
1発,1
名所,1
従,1
持分法適用会社,1
資本金,1
大株主,1
フリーダイヤル,1
照会,1
5番,1
四丁目,1
証券代行,1
所在地,1
三井住友信託銀行,1
管理人,1
株主名簿,1
名古,1
京,1
東,1
証券取引所,1
ド,1
コ,1
名証,1
発行済,1
中間,1
株主資本利益率,1
主事,1
1ユーロ,1
見地,1
貸手,1
判定,1
440億円,1
子会社化,1
減収,1
収入,1
支払額,1
所得税,1
棚卸資産,1
社債,1
10億,1
普通社債,1
無担保,1
全額,1
債務,1
残高,1
今期,1
法人税,1
反動,1
固定費,1
主幹,1
センタ,1
ヨーロッパ,1
マレーシア,1
勘案,1
30円,1
内部留保,1
件,1
負債比率,1
有利子,1
希薄,1
控除,1
販売費及び一般管理費,1
売上原価,1
年度末,1
末時,1
効果的,1
日本国内,1
派遣社員,1
スコア,1
生産活動,1
プラスチック,1
廃,1
分別,1
熱硬化性樹脂,1
歩留まり,1
加東,1
EC,1
PET,1
エコテクノロジー,1
除,1
向け,1
STATE,1
STREET,1
WEST,1
CLIENT,1
Investor,1
案内,1
14階,1
東京ミッドタウン日比谷,1
2号,1
1番,1
一丁目,1
東京都千代田区有楽町,1
覧,1
併,1
姿勢,1
property,1
clusive,1
the Ex,1
indexes,1
promotion,1
endorsement,1
sponsorship,1
constitute,1
not,1
Do,1
herein,1
use,1
inclusion,1
assessment,1
Relations,1
Business,1
Support,1
ト,1
写真,1
熱,1
大気中,1
専門,1
エネファーム,1
サイズ,1
1号,1
LED照明,1
生活,1
電化製品,1
撮影,1
サ,1
Europe,1
United Kingdom,1
ReTweet,1
RG,1
Berkshire,1
Bracknell,1
Road,1
Western,1
Maxis,1
BRANCH,1
UK,1
GmBH,1
Ratings,1
CC,1
A-C,1
シンボル,1
住友生命保険相互会社,1
無料,1
通話,1
U.S.A,1
MN,1
PAUL,1
St,1
Box,1
Services,1
Shareowner,1
PCRFY,1
ADR,1
JP,1
引,1
Bank,1
JPMorgan Chase,1
預託,1
託,1
LLC,1
CO,1
MOXLEY,1
相互会社,1
生命保険,1
TREATY,1
持株会,1
MORGAN,1
AA＝,1
高値,1
scale,1
ON,1
AA,1
rating,1
received,1
In,1
JAPAN,1
Blossom,1
OOD,1
FTSE,1
安値,1
月次,1
CHASE,1
東京証券取引所,1
外国法人,1
分布,1
発行済株式数,1
三井住友トラスト・ホールディングス,1
三菱UFJ信託銀行,1
NORWAY,1
OF,1
GOVERNMENT,1
不動産,1
松下,1
参事,1
経理部,1
外部調達,1
助言,1
郡山,1
溶接,1
豊中,1
出張,1
大連,1
宜興,1
杭州,1
北京,1
都市,1
聴取,1
事務局,1
アップ,1
ラップ,1
事前説明,1
随時,1
議事録,1
閲覧,1
発言,1
ボード,1
付議,1
結論,1
活動内容,1
提言,1
過程,1
欄,1
一堂,1
大部屋,1
台風19号,1
高み,1
終結,1
会計処理,1
担い手,1
1億円,1
一任,1
客観,1
過半数,1
デザイン思考,1
職責,1
80%,1
400%,1
60%,1
浸水,1
部分評価,1
55代,1
選定,1
一定期間,1
解除,1
直後,1
経営環境,1
運営方針,1
回議,1
水害,1
被害,1
実施期間,1
スケジュール,1
アメリカ,1
ツール,1
会計監査人,1
迅速,1
傾向,1
格段,1
明日,1
今日,1
一般的,1
委任,1
包括,1
繰り返し,1
抽象,1
一面,1
感覚,1
ハード,1
ブレーキ,1
ハンドル,1
シャープ,1
経営判断,1
撤退,1
寿命,1
其の様,1
ゴール,1
必須,1
感度,1
全固体電池,1
コミッティ,1
部門,1
統制,1
役付,1
簡略,1
条件,1
PDCAサイクル,1
運営改善,1
提起,1
15.4%,1
プラン,1
サクセッション,1
46.2%,1
⾨性,1
常勤,1
実情,1
方向づけ,1
行使,1
精通,1
独任制,1
各自,1
追及,1
裁量,1
多数決,1
任期,1
改選,1
3分の1,1
エンタープライズ,1
費用計上,1
年月日,1
対象者,1
真剣,1
足立,1
会計事務所,1
中村明彦,1
あらた監査法人,1
中央青山監査法人,1
青山,1
ウォーターハウス,1
プライス,1
Holding,1
ブリヂストン,1
インダストリアルソリューションズ,1
同,1
プラットフォーム,1
最高責任者,1
コーポレイト・ディレクション,1
ボストン・コンサルティング・グループ,1
鹼,1
顧問,1
特別,1
隆,1
小松製作所,1
商務情報政策局,1
兼任,1
次長,1
連絡,1
ヘンダーソン,1
宮武,1
藤田,1
森井,1
CCXO,1
エクスペリエンス,1
ワンオペ,1
重雄,1
経営企画,1
和代,1
薬事,1
MOTIVE!!,1
オート,1
プライムプラネットエナジー,1
理博,1
建設業,1
法律,1
保信,1
陽子,1
松岡,1
グループムダバスターズ,1
衛生,1
総括,1
外国法,1
坂井,1
ブリュッセル,1
アレン・アンド・オーベリー,1
ルフ・クライス・ベルベーケ,1
原子力損害賠償支援機構,1
審議官,1
大臣官房,1
道隆,1
グループムダバスターズプロジェクト,1
グループコストバスターズプロジェクト,1
BPR,1
コストバスターズ,1
レンス,1
オペレーショナルエクセ,1
北東,1
コンシューマー,1
パナソニック電工,1
松下電工,1
報,1
就任後,1
チャリング・オフィサー,1
コントロール,1
洞察,1
視座,1
トレンド,1
デジタルトランスフォーメーション,1
下表,1
一覧,1
整理,1
8つ,1
覚悟,1
熱意,1
チーフ・マニュファク,1
CMO,1
事務局長,1
査,1
タスクフォース,1
内閣官房,1
産業革新機構,1
経済産業政策局,1
内閣府,1
入省,1
通商産業省,1
Operating,1
税理士法人,1
税務,1
入,1
監,1
クオリティ,1
EY,1
太田昭和,1
Strategy,1
技術部,1
コネクティッドソリューションズ,1
パラリンピック,1
東京オリンピック,1
FF,1
CPO,1
チーフ・プロキュアメント・オフィサー,1
CQO,1
子ども,1
目次,1
辞令,1
速度,1
18%,1
7%,1
通信インフラ,1
25%,1
推計,1
予測,1
アプリケーション,1
代表的,1
域外,1
自己完結,1
高校1年,1
17%,1
緩慢,1
人財,1
共働き,1
緩やか,1
適正化,1
マーカ,1
レーザー,1
川砂,1
プログラマブルコントローラ,1
PLC,1
サーボモータ,1
アルミハイブリッドコンデンサ,1
フィルム,1
xEV,1
導電性高分子,1
真治,1
7割,1
5割,1
Ed,1
コネクティッド,1
航空,1
堅調,1
16%,1
97兆円,1
65兆円,1
77兆円,1
現,1
THE SOLUTION,1
二輪,1
省電力,1
重複,1
一体化,1
急伸,1
骨子,1
12%,1
300億円,1
戦略的,1
開発中,1
ニッケル水素電池,1
矛盾,1
一生,1
只信,1
頭文字,1
Electric,1
Shared,1
Automated,1
Autonomous,1
坂本,1
筋肉質,1
厳正,1
堅持,1
6.4%,1
OIC,1
商品化,1
新サービス,1
配車,1
ターゲット,1
受注,1
件名,1
処理,1
高性能,1
コンピューター,1
仮想化,1
ミラー,1
イス,1
バ,1
ADAS,1
運転支援,1
先進,1
スイッチ,1
スピーカー,1
ヘッドアップディスプレイ,1
インフォテインメント,1
出会い,1
愛,1
ミッション,1
エナジーオートモーティブ,1
先行投資,1
挽回,1
コネクトトップメッセージ,1
自律的,1
選択と集中,1
クス・ブルーヨンダー,1
120億円,1
4.6%,1
アビオニクス・ブルーヨンダー,1
60億円,1
徹底的,1
ドル,1
ハードウエア,1
エンタメ!,1
機内,1
基調,1
機体,1
旅客,1
消去,1
モバイルソリューションズ,1
サービスブルーヨンダー,1
保守,1
施工,1
タブレット,1
パソコン,1
カメラシステムモバイルソリューションズ,1
プロジェクター,1
泰行,1
樋口,1
プレジデント,1
自負,1
6つ,1
ロックダウン,1
景況感,1
資本コスト,1
ルーム,1
LX,1
一般財団法人,1
社会的,1
順調,1
T 1,1
PAC,1
IM,1
TCFD,1
シナリオ,1
2度,1
Outlook,1
WORLD,1
IEA,1
バウンダリ,1
カッコ内,1
質量,1
処分,1
最終,1
ライフサイクル,1
多量,1
減算,1
ｰ,1
99.1%,1
830万,1
910万,1
健やか,1
規格化,1
シリーズ,1
唯一,1
一緒,1
CIS,1
パナソニックエレクトロニックデバイス,1
残余,1
ネルギー,1
蓄え,1
革新的,1
System,1
Factory,1
FEMS,1
優先順位,1
蓄,1
創,1
稼働,1
計測器,1
Activity,1
Creation,1
Value,1
積載率,1
直送,1
燃料,1
バイオディーゼル,1
低公害車,1
モーダルシフト,1
中南米,1
マップ,1
中東,1
南アジア,1
東南アジア,1
国際規格,1
積極的,1
株主資本コスト,1
昨年度,1
エネルギー政策,1
インフレ,1
過度,1
0.8倍,1
遠心,1
手綱,1
成立,1
緊張感,1
干渉,1
狙い,1
遠心力,1
紹介,1
引き上げ,1
決裁,1
Retention,1
経常,1
Recurring,1
Annual,1
総合的,1
Native,1
強固,1
lucid,1
着工,1
工事,1
資金需要,1
M,1
積み上げ,1
充当,1
解消,1
精度,1
回復の兆し,1
精緻,1
漏洩,1
抜粋,1
ステージ,1
本年,1
バランスシート,1
45%,1
適時適切,1
ズレ,1
キャッシュアウト,1
キャッシュイン,1
投資金額,1
土地,1
初期,1
多額,1
先般,1
追い風,1
逸脱,1
期間中,1
受理,1
申請,1
インセンティブ制度,1
投資誘致,1
戦略上,1
コスト面,1
増収増益,1
見合い,1
立ち上がり,1
550億円,1
上積み,1
目線,1
緊急,1
安否,1
訓練,1
備蓄,1
事業場,1
国語,1
規制,1
政府方針,1
注視,1
脅威,1
起因,1
安全保障政策,1
適時,1
政策,1
インシデント,1
一元化,1
グローバルスタンダード,1
企業情報,1
派遣,1
権限委譲,1
持ち株会社,1
イニシアティブ,1
複線化,1
滞留,1
ムダ,1
第三者,1
周知,1
対策本部,1
株価純資産倍率,1
行動基準,1
体力,1
航続距離,1
レアメタルレス,1
ポテンシャル,1
3億,1
阻止,1
延伸,1
健康寿命,1
多様化,1
過疎化,1
余剰,1
喪失,1
生物多様性,1
動態,1
人口,1
社会環境,1
総合力,1
二つ目,1
確度,1
山積,1
物心一如,1
封印,1
ギアチェンジ,1
手応え,1
間違い,1
素地,1
この間,1
横,1
内部通報,1
DERMS,1
増大,1
Expansion,1
社会インフラ,1
高信頼,1
車両,1
経営成績,1
モーター,1
検知,1
歩行者,1
コロナ,1
書類,1
提出,1
金融商品取引法,1
義務,1
更新,1
日付,1
黙示,1
内在,1
確実性,1
未知,1
既知,1
入手,1
事実,1
注意事項,1
お伝え,1
財務状況,1
グループヘ,1
マテリアリティトップメッセージ,1
a,1
Our,1
Numbers,1
温水暖房,1
貿易,1
緩和,1
マテリアリティマテリアリティ,1
名称,1
類似,1
専門家,1
検証,1
感染症,1
11項目,1
関心事,1
予見,1
マテリアリティマテリアリティマテリアリティ,1
投資グループ,1
PEX,1
インターブランド,1
ブランディング,1
自然資本,1
高等,1
PHS,1
ハウジングソリューションズ,1
PEAC,1
ブランドスローガン,1
経営資源,1
62.8%,1
60.9%,1
米州,1
販売会社,1
輸出,1
搭載,1
応え,1
収益力,1
分類,1
ピース,1
事業体,1
ビーイング,1
正弘,1
品田,1
パナソニックトップメッセージ,1
お願い,1
決意,1
経過,1
全快,1
球,1
康健,1
安,1
涯生,1
殿様,1
決り,1
決,1
お客,1
同等,1
復活,1
電機,1
数字,1
巧拙,1
良否,1
実感,1
カーブアウト,1
涯,1
補完,1
メリハリ,1
アップル,1
電子レンジ,1
核,1
先見,1
ideas,1
TECH,1
Life,1
電動自転車,1
エイジフリーサービス,1
B2C,1
供人,1
提,1
ラ,1
フ,1
ベストパートナー,1
自転車,1
コンプレッサー,1
ランプ,1
照明器具,1
ショーケースエレクトリックワークス,1
脱臭,1
空間除菌,1
空気清浄機,1
送風,1
換気,1
理容,1
美,1
掃除機,1
炊飯器,1
環球,1
Google LLC,1
レアメタル,1
レッドウッド,1
絶大,1
優遇,1
税制,1
政府,1
角形,1
原価,1
人件費,1
射程,1
定着,1
思想,1
入れ替わり,1
眼,1
激化,1
冷却,1
重要視,1
利便性,1
事案,1
230万,1
ニッケル,1
技術的,1
3倍,1
世代,1
WH,1
体積,1
Ｗh,1
コバルト,1
世界で初めて,1
現地調達,1
正極,1
指揮,1
銅,1
PanasonicWELL,1
Synergy,1
民生用,1
Gwh,1
将来的,1
機動,1
資金調達,1
4倍,1
本格的,1
開拓,1
商用車,1
ヘキサゴンプルス,1
Rucid,1
源流,1
住之江,1
覚書,1
オフテイク,1
黒鉛,1
低位,1
精錬,1
Inc,1
Graphite,1
Monde,1
Nouveau,1
NMG,1
カナダ,1
箔,1
江,1
ポンプ,1
インバーター,1
重力,1
ゼロ・トレランス,1
コスト削減,1
プロ,1
グローバルベンダー,1
プロフェッショナル,1
ベンダーガバナンス,1
人材マネジメント,1
カネ,1
ヒト,1
情報システム部,1
57%,1
OS,1
ペーパー,1
間接,1
マスタ,1
モダナイゼーション,1
レガシーシステム,1
並行,1
Zero,1
上期,1
Security,1
組成,1
レガシーモダナイマスタデータ,1
Today,1
圧倒的,1
最新,1
X1,1
心理的,1
呪縛,1
フェーズチェンジ,1
残存,1
常態化,1
果敢,1
経営社員,1
戦略グループ,1
緊密,1
集中的,1
網羅,1
有機的,1
セキュリティ,1
夢,1
絶え間,1
波及,1
最先端,1
17万人,1
3万人,1
70万,1
3か月,1
9万人,1
画面,1
資格,1
輩出,1
塾生,1
道場,1
塾,1
300時間,1
ホワイトカラー,1
昭和,1
足元,1
啓蒙,1
大切,1
.jp,1
JPO,1
pdf,1
youyaku,1
houkokusho,1
bunseki,1
joho,1
tokkyo,1
URL,1
要約,1
S,1
三洋電機,1
Q,1
K,1
H,1
gxC,1
順位,1
一般販売,1
本社,1
事業化,1
収受,1
負担,1
IP,1
子会社,1
コラムグループシナジー,1
研究者,1
アプローチ,1
チェック,1
go,1
EPO,1
指針の策定,1
PCT,1
システム化,1
土台,1
分社,1
主役,1
24万人,1
脱却,1
サイロ,1
協力会社,1
インフラストラクチャー,1
抜本的,1
延長線,1
習慣,1
旧態依然,1
陳腐,1
超,1
iKON,1
人の力,1
未来,1
インデックス,1
検索システム,1
パーパス,1
触媒,1
貴金属,1
分散型,1
4位,1
俯瞰,1
籍,1
PLP,1
存在意義,1
By,1
共通認識,1
出向,1
昇進,1
オンボーディング,1
最大限,1
満足度,1
レビュー,1
コンピテンシー,1
Meeting,1
1on1,1
想い,1
上司,1
本人,1
Dialogue,1
Better,1
転籍,1
Policy,1
Mobility,1
出端,1
直近,1
SMDP,1
Development,1
Senior,1
GM,1
Director,1
基幹,1
バディ,1
関係会社,1
トップコミットメントトップコミットメント,1
チェアパーソン,1
多岐,1
病気,1
帯同,1
働き,1
週休,1
曜日,1
撤廃,1
ワーク・ライフ・バランス,1
事情,1
ベトナム,1
シンガポール,1
ブラジル,1
6万人,1
研鑽,1
アンバサダー,1
アンコンシャスバイアス,1
存在,1
見聞,1
無意識,1
バイアス,1
アンコンシャス,1
アンコンシャスバイアストレーニング,1
配信,1
LIVE,1
本気,1
自分自身,1
スローガン,1
共感,1
フォーラム,1
参加者,1
コーチング,1
具現,1
実務,1
懲戒処分,1
懲戒,1
周知活動,1
月間,1
健康保険組合,1
労働組合,1
健康経営,1
リスクアセスメント,1
有害物質,1
機械設備,1
労働安全衛生法,1
潜在,1
疾病,1
5.4%,1
6.1%,1
65%,1
調査結果,1
15万人,1
回答者,1
適材適所,1
観測,1
定点,1
EOS,1
付句,1
Principles,1
Leadership,1
持,1
厳格化,1
特,1
メンタリング,1
牽引,1
立上り,1
ワークショップ,1
NGTP,1
Talent,1
Generation,1
Next,1
15か月,1
選抜,1
グローバル人材,1
一時的,1
停止,1
受付,1
喚起,1
当年度,1
即時,1
パワハラ防止法,1
育児・介護休業法,1
男女雇用機会均等法,1
誇り,1
即,1
タレントマネジメント,1
選出,1
年齢,1
職歴,1
国籍,1
適材,1
パイプライン,1
WITH,1
For,1
77度,1
海洋汚染,1
海洋,1
昨今,1
出展,1
提供開始,1
サンプル,1
陽極,1
逆,1
膜,1
プロトン,1
PEM,1
小型化,1
装置,1
タウン,1
スマート,1
サステイナブル,1
ガラス,1
世界初,1
数年,1
サスティナブルスマートタウン,1
Photovoltaic,1
Integrated,1
Building,1
レイアウト,1
インクジェット,1
製法,1
形成,1
乾燥,1
天然資源,1
世界的,1
NEDO,1
成分,1
外装,1
大物,1
筐体,1
マーク,1
バイオマスプラ,1
協会,1
バイオプラスチック,1
褐色,1
素材,1
ペレット,1
白色,1
弾性率,1
薄肉,1
1mm,1
添加,1
適正,1
ブレンド,1
ポリ乳酸,1
複雑,1
流動性,1
用途,1
耐久性,1
汎用,1
ポリプロピレン,1
加工,1
複合,1
バイオマス,1
委託,1
新エネルギー,1
服飾,1
生産拠点,1
低温,1
エネルギー源,1
完成,1
コラムサーキュラーエコノミー,1
スタジアム,1
学会,1
一般社団法人,1
光源,1
HID,1
必需品,1
猛暑,1
気温,1
系統,1
置換,1
900万,1
5倍,1
化石燃料,1
蓄電池,1
724度,1
Agreement,1
Purchase,1
Power,1
PPA,1
八日市,1
カーボン,1
REC,1
太陽光発電設備,1
IoT,1
規制強化,1
国立研究開発法人,1
先取り,1
壁面,1
窓,1
ビル,1
ハイブリッド,1
有機,1
シリコン,1
シェアリングプラットフォームエコデザイン,1
循環資源,1
リマニュファクチュアリングリファービッシュリペア,1
供給量,1
リマニュファクチュアリング,1
refurbish,1
リペア,1
経済成長,1
商用,1
中規模,1
27度,1
PECW,1
無錫,1
RE,1
自家発電,1
滋賀県草津市草津,1
30%,1
快適性,1
照度,1
平面,1
日系,1
美容,1
衣料品,1
品質保証,1
音声処理,1
データ分析,1
コンピュータビジョン,1
マルチエージェントシステム,1
強化学習,1
密着,1
コードレス電話,1
無線アクセス,1
6G,1
5G,1
3G,1
搬送,1
サービスロボット,1
2次電池,1
1次,1
パワーコンディショナー,1
配電,1
宅内,1
シティサービスレジリエンス,1
スマートシティ,1
エコーネット,1
光ディスク,1
デジタル著作権管理,1
MPEG,1
符号化,1
デジタル放送,1
前半,1
Xリーグ,1
自然言語処理,1
マテリアルズインフォマティクス,1
取組,1
ビデオ,1
採択,1
IROS,1
ECCV,1
カンファレンス,1
フィジカル,1
エリア,1
トラブル,1
不意,1
エラー,1
走行中,1
操作,1
オペレーター,1
管制,1
社会問題,1
ワークスペース,1
性向,1
利便,1
退室,1
ユーザビリティ,1
利用者目線,1
情報管理,1
セキュア,1
世界最高,1
Deep learning,1
顔,1
鮮明,1
画像処理,1
官,1
未来社会,1
日用品,1
機能安全,1
バイオ,1
生産力,1
全体像,1
模索,1
道筋,1
農業現場,1
伝統的,1
生物,1
効力,1
自然環境,1
1.4倍,1
収穫,1
耐性,1
病害,1
散布,1
液体,1
植物,1
主原,1
微生物,1
バイオテクノロジー,1
原料,1
販売開始,1
55%,1
製品化,1
容器,1
食品,1
飲料,1
代,1
放送,1
国際電気標準会議,1
携帯電話,1
世界経済,1
持続可能な開発,1
志,1
意義,1
金融,1
文書,1
会合,1
環境大臣,1
札幌,1
G7,1
必要性,1
経済発展,1
パビリオン,1
COP,1
企業評価,1
統一,1
差分,1
O2,1
主導,1
コンソーシアム,1
協議会,1
標準化団体,1
ルールメイキング,1
デジュール,1
デ・ファクト,1
消費者,1
秩序,1
ストックオプション,1
