要素,カウント
目次,1
編集,2
方針,23
パナソニックグループ,103
At,8
a,3
Glance,8
価値,36
創造,13
プロセス,38
マテリアリティトップメッセージ,1
メッセージ,95
参照,38
戦略,221
説明会,22
セグメント,63
事業,217
オートモーティブ,15
コネクト,22
インダス,18
トリー,18
エナジー,24
Panasonic,18
Group,8
事業会社,128
テーマ,68
環境,99
技術戦略,25
PX,41
Panasonic Transformation,23
取り組み,139
人事,28
人権,42
尊重,32
コーポレート・ガバナンス,89
対談,21
体制,38
構成,36
企業,105
ハイライト,26
財務,104
主要,22
資本市場,25
対話,28
会社,41
情報,29
有価証券報告書,4
サステナビリティ,32
データブック,15
報告書,2
グループヘ,1
理解,11
目的,12
経営戦略,6
財務状況,1
ガバナンス,10
投資家,11
多様,16
ステークホルダー,19
皆様,17
お伝え,1
物,8
心,10
豊か,14
理想,13
社会,74
実現,81
中長期,27
向上,80
重要,82
課題,56
マテリアリティ,28
説明,6
将来,24
見通し,9
注意事項,1
本書,3
予想,5
記述,7
該当,6
記載,9
過去,10
現在,40
事実,1
入手,1
可能,31
仮定,2
お呼び,35
判断,14
既知,1
未知,1
リスク,28
確実性,1
並び,3
その他,17
要因,4
内在,1
恐れ,2
不確実性,2
明示,2
黙示,1
結果,25
内容,13
大幅,8
日付,1
更新,1
公表,4
義務,1
金融商品取引法,1
今後,35
提出,1
書類,1
開示,9
Panasonic Holdings,56
統合報告書,57
トップ,69
売上高,30
成長戦略,6
P,25
欧州,20
A,13
2W,6
積極,7
投資,103
アジア,5
配線,5
器具,6
水素燃料,5
電池,70
強化,55
国内,20
中国,21
家電,10
電設,2
資材,4
北米,16
冷凍,2
冷蔵,2
ショーケース,3
安定,12
収益,21
主,14
商品,10
Air,4
TO,4
Water,4
ヒートポンプ,9
温水,10
給湯,8
暖房,10
車載,89
コックピット,9
システム,42
出力,3
充電器,2
収益性,15
基盤,13
技術,63
強み,8
統合,7
HPC,2
開発,24
加速,17
視点,22
車,3
空間,6
体験,2
日本,31
インド,4
High,2
Performance,2
Computer,2
営業利益,20
サプライチェーン・マネジメント,13
集中,13
競争,8
お客様,37
経営課題,8
解決,24
貢献,70
航空機,4
エンターテインメント,6
コロナ,1
回復,11
フェーズ,9
移行,19
歩行者,1
検知,1
カメラ,2
情報通信,4
移動,2
効率化,4
実証実験,2
ソフトウェア,7
EBITDA,19
要請,5
高位,8
CASE,3
インフラ,4
工場,69
省人化,3
領域,45
材料,28
EV,16
リレー,5
コンデンサ,6
FA,7
ソリューション,24
電子材料,6
軸,11
成長,59
産業,14
モーター,1
売上,21
経営成績,1
容量,7
安全,36
性能,4
実績,30
円筒,12
リチウムイオン電池,8
車両,1
電動,6
環境負荷,3
低減,6
データセンター,3
蓄電,4
高信頼,1
応用,4
社会インフラ,1
多層,2
基板,3
一次電池,2
乾電池,3
リチウム,2
Our,1
Global,2
Expansion,1
The The,4
in,3
Numbers,1
ROE,21
中期,42
指標,35
累積,18
2.0,14
営業,28
キャッシュ・フロー,26
研究開発,8
GX,6
特許,18
ファミリー,2
比率,29
関連,21
IPF,5
件数,15
国際,5
展開,17
発明,5
CO2,87
削減,71
スコープ,13
社員,62
エンゲージメント,14
指数,7
機関投資家,2
創業,6
貿易,1
新設,4
輸出,1
開始,20
海外,19
販売会社,1
米国,24
設立,5
製造,16
販売,10
活動,39
グローバル,25
世界中,2
拠点,32
米州,1
60.9%,1
従業員,17
391人,2
62.8%,1
P2,4
P5,5
基準,7
比較,3
GHG,3
プロトコル,2
区分,11
67%,2
延べ,5
一人ひとり,38
生涯,16
健康,31
快適,19
地球環境問題,11
競争力,40
オペレーション,10
提供,7
基本方針,14
企業活動,4
経営資源,1
ブランドスローガン,1
パナソニック,76
PC,4
オートモーティブシステムズ,7
PAS,6
コミュニケーション,5
PEAC,1
ハウジングソリューションズ,1
PHS,1
PCO,6
PID,5
PEC,5
7つ,10
全体,50
経営基盤,4
重点,19
生産,26
変動,10
対応力,5
需要,7
5つ,2
変化,24
スピード,4
長期,19
構造,3
優位,8
ビジネスモデル,2
ニーズ,4
高等,1
10%,9
報告,20
自然資本,1
年間,9
ブランディング,1
専,9
⾨,18
インターブランド,1
調べ,2
化石,2
証書,3
エネ,6
市場,28
購入,12
先様,10
オペレーショナル・エクセレンス,5
PEX,1
徹底,16
支援,13
制度,24
整備,8
選択,3
資金,17
投資グループ,1
対応,33
ホールディングス,35
PHD,29
具現化,3
両輪,4
CF,12
5兆円,7
KGI,16
還元,4
拡大,50
企業価値,27
実践,13
Wellbeing,14
マテリアリティマテリアリティマテリアリティ,1
特定,29
2つ,6
側面,3
機会,21
推進,79
創出,47
適宜,2
予見,1
抽出,10
評価,56
分析,10
妥当性,6
社外,12
⾨家,4
確認,11
経営委員会,4
会議,9
検討,15
ステップ,7
項目,20
国際基準,2
法規制,2
動向,5
関心事,1
メガトレンド,4
観点,18
11項目,1
感染症,1
ぱんでみっく!!,3
備え,6
自然災害,2
地球温暖化,6
進行,4
資源,19
枯渇,5
自社,26
サイバーセキュリティ,13
ビジネス,12
インテグリティ,3
地政学,3
検証,1
専門家,1
諮問,12
審議,9
注,4
リスクマネジメント,10
決定,40
類似,1
名称,1
一部,6
マテリアリティマテリアリティ,1
事例,8
ポジティブ,2
ネガティブ,2
緩和,1
目標,30
事項,5
GREEN,7
IMPACT,14
温水暖房,1
エネルギー,19
技術革新,2
電解,5
ペロブスカイト太陽電池,5
DERMS,1
排出,44
省エネ,16
機器,13
サーキュラーエコノミー,9
製品,29
インパクト,2
実質,14
四角形,23
廃棄物,11
リサイクル,15
99%,4
サイト,5
届け,4
プロバイダー,2
デジタル技術,2
Compliance,8
行動基準,1
社内規程,2
促進,8
順守,6
内部通報,1
周知,1
適切,13
運用,5
知的財産,14
保護,2
活用,42
第三者,1
企業倫理,2
supply chain,24
ムダ,1
滞留,1
撲滅,7
複線化,1
見直し,8
強靭,4
安心,11
職場環境,7
イニシアティブ,1
自発,7
挑戦,23
意欲,6
自律,6
キャリア形成,6
副業,6
能力,15
選択肢,7
公募,5
人材,17
交流,2
Diversity,5
Equity,5
Inclusion,4
コミットメント,3
インクルーシブ,4
サポート,5
重篤,9
災害,19
重大,7
意識調査,8
水準,12
持ち株会社,1
権限委譲,1
実施,48
派遣,1
参画,5
KPI,4
役員報酬,7
連動,39
企業情報,1
労働,11
グローバルスタンダード,1
デュー・ディリジェンス,3
責任,23
調達,12
AI,30
倫理,4
情報システム,4
分野,11
共通,24
機能,24
一元化,1
平時,2
対策,10
有事,2
インシデント,1
段階,6
対象,18
範囲,16
国際情勢,3
各国,5
地域,23
政策,1
監視,3
把握,5
適時,1
経済,4
安全保障政策,1
起因,1
脅威,1
注視,1
感染,2
政府方針,1
規制,1
国語,1
策定,7
事業場,1
詳細,22
ルール,2
設定,19
備蓄,1
訓練,1
充実,8
安否,1
構築,24
緊急,1
対策本部,1
資料,10
目標達成,5
目線,1
改善,25
役割,12
PBR,13
株価純資産倍率,1
最低,3
ライン,2
1倍,3
前後,5
推移,7
有言実行,3
進捗,17
成果,15
公開,3
株主,37
意見,8
姿,12
楠見,16
雄規,5
一時,3
利益,10
基礎,4
体力,1
明確,9
代表,8
リードタイム,2
短縮,4
在庫,4
半減,5
横,1
確信,2
この間,1
素地,1
間違い,1
手応え,1
ギアチェンジ,1
解像度,4
変革,25
具体的,6
度合い,2
競争優位性,6
進展,5
封印,1
ポートフォリオ,22
マネジメント,14
達成,20
重視,5
使命,5
創業者,3
松下幸之助,3
物心一如,1
繁栄,2
以来,3
課題解決,3
人々,4
幸せ,14
時代,3
山積,1
確度,1
二つ,4
フォーカス,4
喫緊,2
二つ目,1
総合力,1
発揮,12
社会環境,1
温暖化,2
都市化,2
人口,1
動態,1
消費,2
問題,8
生物多様性,1
喪失,1
余剰,1
過疎化,1
多様化,1
健康寿命,1
延伸,1
阻止,1
循環,14
最大,13
認識,25
ビジョン,5
Panasonic GREEN IMPACT,15
バリュー・チェーン,10
2億,2
世界,4
3億,1
Milestone,3
1億,9
事業活動,12
責務,4
国際的,5
認知,2
電化,4
転換,2
知見,12
技術力,2
発表,3
期待,23
空,15
空調,15
SCM,6
ソフトウエア,2
3つ,5
持株会社,8
6割,4
重点的,5
継続的,6
メンバー,10
密,2
議論,43
鍵,3
技術面,4
双方,2
ポテンシャル,1
供給,7
準備,5
レアメタルレス,1
安全性,8
直結,2
品質,3
業界,12
リード,6
現時点,3
最高,4
エネルギー密度,6
Wh,2
L,4
進化,19
航続距離,1
搭載,1
増大,1
応え,1
レアメタル,1
世界で初めて,1
コバルト,1
含有量,2
Ｗh,1
体積,1
WH,1
世代,1
3倍,1
技術的,1
ニッケル,1
レス,2
技術開発,11
累計,10
230万,1
相当,5
事案,1
発生,7
継続,25
成長性,5
北米市場,2
中心,11
事業拡大,5
カーボンニュートラル,10
平均,8
急速,3
米国政府,2
国策,2
コスト,7
セル,7
形状,2
利便性,1
重要視,1
充電,2
冷却,1
引き合い,3
激化,1
維持,9
私自身,4
訪問,4
自ら,11
眼,1
現場,16
116回,3
定時株主総会,8
算出,8
ネバダ,7
作業者,2
入れ替わり,1
経験,11
モノ,13
ノウハウ,2
蓄積,2
プロジェクト,5
現地,2
思想,1
定着,1
生産能力,10
射程,1
効率,8
生産設備,4
償却,9
メンテナンス,3
人件費,1
原価,1
割合,6
角形,1
設備,8
不可欠,2
建設,10
カンザス,10
設計,5
反映,14
GWh,9
設備投資,5
人員,2
見込み,3
カンザス州,6
政府,1
税制,1
優遇,1
確保,15
絶大,1
現地調達,1
輸送,4
距離,3
要素,11
カーボンフットプリント,2
具体,9
レッドウッド,1
正極,1
銅,1
箔,1
契約,3
締結,4
カナダ,1
NMG,1
Nouveau,1
Monde,1
Graphite,1
Inc,1
再生可能エネルギー,12
精錬,1
低位,1
黒鉛,1
オフテイク,1
供給契約,5
覚書,1
研究,8
集約,4
増強,5
大阪,2
住之江,1
生産性,8
⾨真,5
次世代,4
源流,1
リソース,2
投入,4
採用,4
Rucid,1
高級,2
ヘキサゴンプルス,1
商用車,1
マツダ,2
SUBARU,2
中長期的,5
パートナーシップ,2
協議,2
顧客,7
開拓,1
本格的,1
昨年,2
量産,3
和歌山,2
大規模,3
4倍,1
必要,47
資金調達,1
オプション,2
機動,1
将来的,1
Gwh,1
民生用,1
IRA,14
インフレ抑制,7
ベース,8
一人,4
接点,3
デジタル,15
提案,8
Synergy,1
PanasonicWELL,1
本部,2
指揮,1
Google LLC,1
アップル,1
活躍,2
Yoky,2
Matsuoka,2
松岡陽子,2
横断,4
題,2
環球,1
入れ替え,3
視野,3
取引,4
適合,3
使用,16
規律,8
実行,10
涯,1
立地,3
ポジション,2
定量,3
定性,3
ベスト,2
オーナー,2
カーブアウト,1
案件,12
実感,1
獲得,4
良否,1
巧拙,1
最適,5
CAGR,4
相対,2
シェア,2
ROIC,11
キャッシュ,7
CSO,5
隅田,2
梅田,6
本来,2
自主,16
考え方,18
十分,7
連携,13
円グラフ,2
規模,8
方向,2
次第,2
売却,7
終息,2
数字,1
500億円,5
電機,1
復活,1
同等,1
営業利益率,6
健,2
お客,1
康,2
決,1
決り,1
解,2
殿様,1
適,2
涯生,1
安,1
康健,1
球,1
問,1
全快,1
環,1
キャピタル,7
アロケーション,7
変更,5
配当,14
資産,9
基本,29
8兆円,4
6兆円,2
連結,15
配当性向,8
目安,6
安定的,6
リターン,3
対価,2
Sustainable,3
持続的,5
委員長,4
経過,1
伝統,2
発展,4
世の中,3
決意,1
お願い,1
パナソニックトップメッセージ,1
品田,1
正弘,1
Well,4
ビーイング,1
Sustainability,4
being,3
両立,15
地球,5
事業体,1
開催,14
空調設備,4
電材,7
新事業,3
ピース,1
補完,1
他社,7
リーダー,8
候補,4
カテゴリー,5
分類,1
紐,2
メリハリ,1
サービス,21
アプライアンス,5
冷蔵庫,3
電子レンジ,1
炊飯器,1
洗濯機,3
掃除機,1
美,1
理容,1
家庭,6
空調機器,3
業務用,4
換気,1
送風,1
空気清浄機,1
空間除菌,1
脱臭,1
コールドチェーン,2
ソリューションズ,5
ショーケースエレクトリックワークス,1
照明器具,1
ランプ,1
太陽光発電,10
燃料電池,9
コンプレッサー,1
自転車,1
介護,5
イメージ,7
エレクトリック,3
ワークス,3
ベストパートナー,1
イ,2
フ,1
ラ,1
提,1
供人,1
質,6
B2B,3
水素,21
冷凍機,2
炭素,7
B2C,1
白物家電,4
エイジフリーサービス,1
電動自転車,1
Life,1
TECH,1
ideas,1
ブランド,7
新規,7
起点,4
信頼,4
先見,1
600億円,2
けん引,2
増益,6
原材料,5
物流費,2
高騰,6
外部,12
悪化,4
価格,5
改定,6
カバー,3
核,1
収益力,1
合理化,3
吸収,3
900億円,3
上積み,1
550億円,1
立ち上がり,1
先行投資,1
増販,2
付加価値,11
改革,4
エナジーオートモーティブ,1
持続,11
モビリティ,9
ミッション,1
追求,4
愛,1
出会い,1
チーム,2
永易,2
正,2
吏,2
インフォテインメント,1
エレクトロニクス,4
ヘッドアップディスプレイ,1
スピーカー,1
スイッチ,1
先進,1
運転支援,1
ADAS,1
デバイス,8
バ,1
イス,1
ミラーオートモーティブシステムズ,1
仮想化,1
複数,8
コンピューター,1
高性能,1
処理,1
計上,9
担保,3
件名,1
受注,1
UX,2
シニア,2
エグゼクティブ,4
ターゲット,1
配車,1
計画,12
自動,3
作成,6
新サービス,1
完了,7
依存,2
方向性,3
多様性,11
商品化,1
CN,2
OIC,1
6.4%,1
当初,7
修正,4
注力,11
為替,7
換算,6
クロス,2
伸長,4
増加,12
着実,7
部材,3
減少,7
挽回,1
堅持,1
コネクトトップメッセージ,1
選択と集中,1
6つ,1
事業領域,5
カルチャー,5
源泉,6
自負,1
プレジデント,1
樋口,1
泰行,1
アビオニクス,3
通信,5
オートメーション,5
電子部品,2
実装,5
溶接機,2
メディア,4
プロジェクター,1
カメラシステムモバイルソリューションズ,1
パソコン,1
タブレット,1
施工,1
保守,1
サービスブルーヨンダー,1
モバイルソリューションズ,1
ブルーヨンダー,14
消去,1
調整,13
金額,7
マイナス,2
表示,9
アビオ,4
クス,3
旅客,1
機体,1
基調,1
IFE,2
機内,1
エンタメ!,1
導入,22
ハードウエア,1
両面,3
地位,2
確立,2
ドル,1
徹底的,1
60億円,1
アビオニクス・ブルーヨンダー,1
4.6%,1
下期,3
体質,4
120億円,1
クス・ブルーヨンダー,1
エンターテインメント・モバイルソリューションズ・,2
カンパニー,2
20%,3
シフト,3
人材戦略,3
キャリア,10
オーナーシップ,2
自律的,1
公正,4
ダイバーシティ,3
ハラスメント,9
厳正,1
15%,2
筋肉質,1
エナジーインダストリー,1
坂本,1
真治,1
4つ,7
コア,5
ウェイト,2
人的,4
資本,22
業務効率化,3
電子,2
導電性高分子,1
xEV,1
フィルム,1
アルミハイブリッドコンデンサ,1
モータ,2
サーボモータ,1
PLC,1
プログラマブルコントローラ,1
光,3
川砂,1
レーザー,1
マーカ,1
半導体,4
成形,11
市況,4
減益,5
適正化,1
前年,7
良,2
原資,5
緩やか,1
増産,2
人財,1
ICT,2
端末,2
本格,2
速度,1
緩慢,1
17%,1
4コア,2
高校1年,1
独自,5
自己完結,1
域外,1
最適化,4
代表的,1
アプリケーション,1
予測,1
各種,3
調査,5
基,2
推計,1
25%,1
通信インフラ,1
6%,2
7%,1
9%,3
1兆円,2
全社,8
18%,1
7割,1
5割,1
CONNECT,2
Ed,1
コネクティッド,1
Autonomous,1
Automated,1
自動化,2
Shared,1
シェアリング,2
Electric,1
頭文字,1
只信,1
一生,1
矛盾,1
調和,4
生活インフラ,2
民生,8
ESG,3
3兆円,3
中核,2
モジュール,2
二次電池,3
ニッケル水素電池,1
高校2年,2
予定,5
開発中,1
建,3
高度,2
CFP,6
ロス,2
戦略的,1
300億円,1
12%,1
比,3
補助金,6
骨子,1
急伸,1
ユニット,2
一体化,1
重複,1
信頼性,3
省電力,1
競合,5
差別化,2
二輪,1
THE SOLUTION,1
共創,7
現,1
事業戦略,7
77兆円,1
65兆円,1
97兆円,1
16%,1
三角形,17
博和,5
進捗状況,2
堅調,1
需要拡大,2
航空,1
販売増,2
増収,2
上海,2
ロックダウン,1
景況感,1
個々,2
運営,7
投下,3
安定性,4
資本コスト,1
意識,4
株主資本コスト,1
念頭,2
純利益,3
積み上げ,1
拡充,3
配分,3
原則,16
的確,2
M,1
資金需要,1
柔軟,4
当期純利益,20
還付,2
建屋,2
工事,1
着工,1
lucid,1
販路拡大,2
チェコ,3
住宅,2
エア,2
買収,6
BY,5
強固,1
組織,6
Native,1
SaaS,2
ARR,2
NRR,2
四半期,3
前年比,3
株式,28
上場,2
総合的,1
Annual,1
Recurring,1
Revenue,2
経常,1
Net,3
Retention,1
浸透,4
真摯,2
施策,7
スピーディ,4
決裁,1
引き上げ,1
意思決定,12
紹介,1
権限,6
独立,15
遠心力,1
狙い,1
求心力,2
意味,2
グループガバナンス,2
牽制,2
干渉,1
緊張感,1
成立,1
手綱,1
遠心,1
バランス,2
一体,3
Debt,2
倍率,2
0倍,2
0.8倍,1
モニタリング,11
利益配分,3
投,2
資,2
配当金,6
趣旨,2
過度,1
インフレ,1
抑制,3
エネルギー政策,1
充当,1
宣言,2
1つ,4
環境問題,2
想定,4
昨年度,1
不足,4
解消,1
回復の兆し,1
自動車,2
見合い,1
増収増益,1
ニア,2
考え,3
大前提,2
カー,3
メーカー,4
要望,2
コスト面,1
戦略上,1
一定,3
投資誘致,1
インセンティブ制度,1
申請,1
受理,1
回収,2
期間中,1
逸脱,1
近年,2
追い風,1
先般,1
合意,2
多額,1
初期,1
同様,5
土地,1
論点,4
投資金額,1
キャッシュイン,1
フロー,2
キャッシュアウト,1
ズレ,1
考慮,3
適時適切,1
意思,9
PER,4
分母,2
株主資本比率,2
45%,1
上昇,4
利益率,3
総資産,10
回転率,3
レバレッジ,3
決算説明会,3
バランスシート,1
任意,3
数値,6
関心,3
本年,1
説明責任,5
責任者,6
声,4
ステージ,1
行動,10
PLAN,5
抜粋,1
170万,2
OWN,4
算定,6
追加,3
冷媒,3
漏洩,1
廃棄,4
精緻,1
私たち,4
精度,1
積極的,1
排出削減,4
可視化,2
CE,9
再生,11
樹脂,19
使用量,3
モデル,10
Circular,2
Economy,2
CTO,7
ロボティクス,5
リーダーシップ,3
一緒,1
人材育成,2
歴史,2
業界標準,2
国際規格,1
標準化,8
認知度,2
規格化,1
健やか,1
テクノロジー,6
小川,2
立夫,2
トン,2
カテゴリ,5
910万,1
CONTRIBUTION,2
830万,1
300万,2
99.1%,1
GIP,4
ｰ,1
−2,2
当該,7
年度,5
減算,1
多量,1
ライフサイクル,1
量,3
電気,8
排出係数,2
IEC,4
再資源化,4
最終,1
処分,1
利用,9
質量,1
増減,3
カッコ内,1
バウンダリ,1
IEA,1
WORLD,1
Energy,2
Outlook,1
2度,1
シナリオ,1
TCFD,1
IM,1
PAC,1
T 1,1
発信,8
C,10
O,7
合計,12
順調,1
気候変動,2
抑止,2
社会的,1
一般財団法人,1
省エネルギーセンター,2
主催,2
省エネ大賞,4
会長,6
受賞,6
LX,1
シリーズ,1
連続,2
ルーム,1
エアコン,3
唯一,1
ECO,2
VC,2
協働,2
北東アジア,8
CIS,1
東南アジア,1
大洋州,2
南アジア,1
中東,1
マップ,1
中南米,1
PEDJM,2
モーダルシフト,1
低公害車,1
バイオディーゼル,1
燃料,1
直送,1
積載率,1
物流,5
パートナー,11
従来,11
努力,2
由来,5
クレジット,2
電力,8
Value,1
Creation,1
Activity,1
コラム,3
確実,2
計測器,1
稼働,1
制御,5
利活用,8
創,1
蓄,1
優先順位,1
FEMS,1
Factory,1
Management,2
System,1
先進的,2
革新的,1
蓄え,1
ネルギー,1
残余,1
パナソニックエレクトロニックデバイス,1
江,1
MW,2
ポンプ,1
インバーター,1
PECIN,2
77度,1
W,4
太陽光発電設備,1
I,3
REC,1
カーボン,1
八日市,1
PPA,1
Power,1
Purchase,1
Agreement,1
設置,8
太陽光パネル,2
発電,8
724度,1
4K,2
蓄電池,1
有効活用,2
普及,3
化石燃料,1
効果,2
5倍,1
900万,1
置換,1
系統,1
負荷,2
気温,1
猛暑,1
必需品,1
HID,1
照明,6
LED,2
阪神甲子園球場,2
光源,1
画像,2
演出,2
41回,1
一般社団法人,1
学会,1
スタジアム,1
コラムサーキュラーエコノミー,1
完成,1
急激,2
ガス,2
エネルギー源,1
低温,1
IoT,1
遠隔,3
生産拠点,1
100万,2
規制強化,1
先取り,1
日系,1
自然,2
平面,1
照度,1
快適性,1
適所,2
30%,1
滋賀県草津市草津,1
太陽電池,4
自家発電,1
RE,1
実証,4
無錫,1
PECW,1
27度,1
中規模,1
商用,1
コンセプト,2
顧客価値,3
経済成長,1
リペア,1
refurbish,1
リマニュファクチュアリング,1
特性,4
供給量,1
ゼロ・エミッション,2
地球環境,2
リマニュファクチュアリングリファービッシュリペア,1
循環資源,1
シェアリングプラットフォームエコデザイン,1
分解,3
フリー,5
グリーン,4
実用化,2
無機,2
シリコン,1
有機,1
ハイブリッド,1
特徴,3
塗布,4
ビル,1
窓,1
壁面,1
着手,2
国立研究開発法人,1
新エネルギー,1
機構,2
NEDO,1
委託,1
業務,27
乾燥,1
形成,1
製法,1
インクジェット,1
レイアウト,1
自由,4
建材,3
一体型,3
Building,1
Integrated,1
Photovoltaic,1
BIPV,2
Fujisawa,2
サスティナブルスマートタウン,1
数年,1
付,2
プレスリリース,2
世界初,1
ガラス,1
サステイナブル,1
スマート,1
タウン,1
生成,4
装置,1
小型化,1
消費電力,4
方式,7
アルカリ,2
PEM,1
プロトン,1
交換,2
膜,1
費用,3
酸素,3
反応,4
逆,1
CES,2
陽極,1
サンプル,1
提供開始,1
出展,1
完全,3
生分解,8
セルロースファイバー,6
マイクロプラスチック,2
昨今,1
海洋,1
石油,2
天然資源,1
海洋汚染,1
防止,5
国連,2
世界的,1
植物由来,3
成分,1
濃度,4
バイオマス,1
複合,1
加工,1
既存,3
ポリプロピレン,1
汎用,1
強度,2
耐久性,1
用途,1
流動性,1
複雑,1
ポリ乳酸,1
ブレンド,1
適正,1
添加,1
1mm,1
薄肉,1
弾性率,1
着色,2
白色,1
ペレット,1
成功,5
素材,1
褐色,1
木質,2
デザイン性,2
バイオプラスチック,1
協会,1
認証,2
バイオマスプラ,1
マーク,1
取得,4
筐体,1
大物,1
外装,1
美容,1
服飾,1
衣料品,1
日用品,1
飲料,1
食品,1
容器,1
持続可能,2
製品化,1
55%,1
kinari,2
販売開始,1
デザイン,3
FUTURE,2
適用,9
空気,2
原料,1
食料,4
バイオテクノロジー,1
光合成,2
微生物,1
主原,1
植物,1
物質,2
分泌,2
液体,1
農作物,2
散布,1
活性,2
病害,1
耐性,1
収穫,1
1.4倍,1
固定,3
自然環境,1
効力,1
生物,1
伝統的,1
農業現場,1
無理,2
一つ一つ,2
道筋,1
模索,1
全体像,1
生産力,1
食糧,2
バイオ,1
代,1
機能安全,1
放送,1
携帯電話,1
日々,3
秩序,1
健全,4
消費者,1
デ・ファクト,1
標準,7
国際標準,3
デジュール,1
ルールメイキング,1
標準化団体,1
協議会,1
コンソーシアム,1
主導,1
WBCSD,4
O2,1
差分,1
定義,4
統一,1
企業評価,1
COP,1
パビリオン,1
経済発展,1
リーグ,2
必要性,1
ガイダンス,2
発行,2
規格,2
G7,1
札幌,1
気候,2
環境大臣,1
会合,1
文書,1
明記,2
金融,1
意義,1
後押し,4
志,1
持続可能な開発,1
世界経済,1
国際電気標準会議,1
経済産業省,6
未来社会,1
取組,1
官,1
Xリーグ,1
指針,2
映像,2
後半,2
前半,1
デジタル放送,1
符号化,1
MPEG,1
デジタル著作権管理,1
光ディスク,1
プラズマテレビ,6
測定,3
エコーネット,1
スマートシティ,1
シティサービスレジリエンス,1
宅内,1
配電,1
パワーコンディショナー,1
1次,1
2次電池,1
ロボット,3
中旬,2
サービスロボット,1
搬送,1
3G,1
4G,2
5G,1
6G,1
無線アクセス,1
コードレス電話,1
密着,1
場面,2
強化学習,1
マルチエージェントシステム,1
コンピュータビジョン,1
データ分析,1
自然言語処理,1
音声処理,1
マテリアルズインフォマティクス,1
顔認証,2
テレビ,6
ビデオ,1
画像処理,1
鮮明,1
顔,1
学習,3
Deep learning,1
世界最高,1
セキュア,1
個人,13
情報管理,1
利用者目線,1
ユーザビリティ,1
世界トップレベル,3
オフィス,2
退室,1
管理,11
利便,1
性向,1
ワークスペース,1
社会問題,1
労働力,2
走行,2
管制,1
オペレーター,1
知識,4
1人,2
操作,1
走行中,1
エラー,1
不意,1
トラブル,1
エリア,1
労働環境,3
一貫,2
開発プロセス,2
フィジカル,1
簡単,2
先端,2
カンファレンス,1
ECCV,1
IROS,1
応募,3
採択,1
人間,4
品質保証,1
For,1
Humans,3
By,1
WITH,1
制定,2
チェック,1
スタート,2
アプローチ,1
仕組み,9
事業展開,3
研究者,1
方々,4
Yohana,2
コラムグループシナジー,1
社内,18
同時,2
多面的,2
子会社,1
IP,1
PIPM,2
対外的,2
グループ会社,4
法的,2
名義,2
管理籍,5
保持,3
負担,1
収受,1
社内外,4
図,4
グループシナジー,2
事業化,1
知財,3
PF,3
本社,1
一般販売,1
GXTI,3
全世界,4
順位,1
B,2
D,5
E,3
gxA,2
J,2
N,2
gxC,1
H,1
K,1
Q,1
三洋電機,1
S,1
T,4
特許庁,2
令和,1
特許情報,2
要約,1
URL,1
tokkyo,1
joho,1
bunseki,1
houkokusho,1
youyaku,1
pdf,1
JPO,1
go,1
.jp,1
出願,3
EPO,1
PCT,1
籍,1
俯瞰,1
4位,1
上位,3
EW,2
分散型,1
貴金属,1
触媒,1
パーパス,1
無形資産,7
一環,2
保有,2
検索システム,1
インデックス,1
動き,2
イノベーション,5
未来,1
深化,2
WEBサイト,5
Holdings,4
人の力,1
インフォメーション,3
CIO,3
玉置,2
肇,2
iKON,1
超,1
負の遺産,2
陳腐,1
IT,15
旧態依然,1
習慣,1
延長線,1
抜本的,1
チカラ,2
思い,5
FRAMeWORK,2
インフラストラクチャー,1
刷新,3
デジタル化,3
オペレーティング,3
デリバリー,2
協力会社,1
DEI,17
オープン,2
フラット,2
職場,10
サイロ,1
脱却,1
仕事,4
排除,2
真,4
DX,7
24万人,1
主役,1
分社,1
幹部,10
合宿,2
土台,1
アジェンダ,2
全員,4
表明,3
署名,2
システム化,1
現状,2
経営者,10
コミット,3
各社,2
指針の策定,1
言葉,3
啓蒙,1
InclusionPanasonic,1
フェーズチェンジ,1
底上げ,2
足元,1
X1,1
最新,1
圧倒的,1
Today,1
企画,7
レガシーモダナイマスタデータ,1
CROWD,4
組成,1
Security,1
上期,1
Zero,1
並行,1
レガシーシステム,1
モダナイゼーション,1
マスタ,1
プログラム,4
末,6
50%,5
間接,1
ペーパー,1
OS,1
40%,2
57%,1
効率的,3
情報システム部,1
ヒト,1
カネ,1
人材マネジメント,1
ベンダーガバナンス,1
プロフェッショナル,1
類型,2
研修,8
グローバルベンダー,1
プロ,1
コスト削減,1
One,2
ゼロ・トレランス,1
心理的,1
重力,1
呪縛,1
残存,1
昭和,1
ホワイトカラー,1
agile,4
300時間,1
塾,1
道場,1
塾生,1
輩出,1
手法,2
資格,1
AIアシスタント,3
画面,1
9万人,1
3か月,1
70万,1
3万人,1
17万人,1
最先端,1
波及,1
絶え間,1
アイデア,2
夢,1
セキュリティ,1
有機的,1
網羅,1
集中的,1
緊密,1
育成,5
戦略グループ,1
CHRO,8
経営社員,1
稼業,2
衆知,2
責任感,2
風土,3
果敢,1
皆,3
知恵,2
常態化,1
PLP,1
ケイパビリティ,2
階層,3
スキル,3
ヒューマン・リソース,2
心身,4
働きがい,5
状態,4
三島,2
茂樹,2
活,2
大切,1
存在意義,1
具現,1
前提,6
持,1
3つの柱,2
Leadership,1
Principles,1
前述,2
付句,1
女性,22
管理職,14
労働災害,3
肯定,4
回答,8
EOS,1
定点,1
観測,1
毎年,4
適材適所,1
回答者,1
15万人,1
調査結果,1
年々,3
上昇傾向,2
前年度,18
65%,1
柱,10
質問,4
6.1%,1
5.4%,1
登用,6
死亡,6
0件,2
3件,2
5件,2
4件,2
6件,2
疾病,1
潜在,1
優先,2
労働安全衛生法,1
機械設備,1
有害物質,1
リスクアセスメント,1
1回,2
定期,2
健康経営,1
主体,4
労働組合,1
健康保険組合,1
月間,1
周知活動,1
行為,2
懲戒,1
規程,2
懲戒処分,1
厳格化,1
課長,5
クラス,2
相談窓口,3
担当者,3
実務,1
特,1
牽引,1
後継者,11
パイプライン,1
レベル,5
ポスト,7
早期,2
発掘,3
適材,1
国籍,1
職歴,1
性別,3
年齢,1
属性,2
全体最適,2
グループタレントマネジメントコミッティー,2
配置,2
複眼的,2
短期,19
選出,1
キャリア開発,3
タレントマネジメント,1
コミッティー,2
部長,6
即,1
任命,6
継承,2
誇り,1
男女雇用機会均等法,1
育児・介護休業法,1
パワハラ防止法,1
法令,3
参加,3
受講,2
即時,1
報酬,110
体系,4
当年度,1
賞与,3
喚起,1
異動,6
複業,2
受付,1
停止,1
一時的,1
グローバル人材,1
選抜,1
15か月,1
Next,1
Generation,1
Talent,1
Program,2
NGTP,1
ワークショップ,1
立上り,1
メンタリング,1
コーチング,1
多岐,1
参加者,1
総合,2
関係会社,1
バディ,1
基幹,1
マネージャー,4
Director,1
GM,1
Senior,1
Development,1
SMDP,1
直近,1
出端,1
Mobility,1
Policy,1
地域間,2
勤務,7
チャレンジ,3
転籍,1
兼務,2
Better,1
Dialogue,1
本人,1
上司,1
想い,1
1on1,1
Meeting,1
コンピテンシー,1
レビュー,1
満足度,1
個性,5
最大限,1
オンボーディング,1
昇進,1
出向,1
トップコミットメントトップコミットメント,1
委員会,16
対処,2
共通認識,1
チェアパーソン,1
アクション,2
LGBTQ,2
障害,2
病気,1
共有,8
フォーラム,1
共感,1
イベント,4
スローガン,1
自分自身,1
本気,1
オンライン,3
LIVE,1
配信,1
視聴,2
アンコンシャスバイアストレーニング,1
アンコンシャス,1
バイアス,1
無意識,1
思い込み,2
見聞,1
見方,3
存在,1
醸成,2
アンコンシャスバイアス,1
アンバサダー,1
研鑽,1
6万人,1
トレーニング,2
ブラジル,1
シンガポール,1
ベトナム,1
事情,1
場所,4
ワーク・ライフ・バランス,1
労働時間,2
撤廃,1
曜日,1
週休,1
働き,1
ボランティア,2
自己,2
フル,3
リモート,3
通勤,4
圏外,4
育児,4
転勤,3
ライフ,3
帯同,1
共働き,1
辞令,1
ワンオペ,1
子ども,1
2人,1
自宅,1
残業,1
フレックス,1
GENDER,2
公平性,2
格差,1
上級,1
職位,1
あり方,3
女性社員,2
勉強会,1
キャリアアップ,1
セミナー,1
ロールモデル,1
価値観,1
希望,2
育児休業,3
ギャップ,1
給与,1
小学校,1
就学,1
休暇,1
配偶者,1
出産,1
コミュニティ,7
多彩,1
クロスオーバー,1
バーチャル,2
同期,1
相談,1
Women,1
s,3
Network,2
Uターン,1
実家,3
親,1
待った,1
Rainbow,1
当事者,1
サポータ,1
ネットワーク,1
活き活き,1
府会,1
Silent,1
Lab,1
表彰,1
授与,1
重要性,1
章,1
社会の公器,3
経営理念,1
犠牲,1
権利,2
人生,3
グローバル企業,1
配慮,1
章典,1
国際労働機関,1
ILO,1
基本的,3
労働者,2
悪影響,1
予防,3
軽減,4
是正,5
相互,2
協力,1
発現,1
措置,1
アドバイス,1
参考,2
規範,1
人権侵害,2
被害者,1
救済,2
人権尊重,3
CSR,5
企業市民,3
指導,1
OECD,1
負,1
優先課題,1
広範,1
裾野,1
脆弱,1
立場,1
危険,1
鳥瞰,4
精査,2
契約書,1
同意書,1
ガイドライン,2
アセスメント,1
監査,19
リスク・アプローチ,1
第三者機関,1
苦情処理,1
メカニズム,1
苦情,1
グローバルな,2
通報,5
窓口,2
取引先,1
従業,1
ホットライン,1
言語,1
秘,1
守,1
理由,3
報復行為,1
不利益,1
国連グローバル・コンパクト,1
4分,1
野,1
支持,1
履行,1
RBA,1
業界団体,1
所属,1
取締役会長,8
津賀,19
一宏,3
新体制,1
監督,27
発足,2
上程,2
混在,1
脈絡,1
過酷,1
メンバー全員,1
当時,4
冨山,14
和彦,3
大変,1
感想,1
立派,1
上場企業,1
製造業,2
多元的,1
掛け算,1
単位,7
聖徳太子,1
指摘,2
小粒,1
都度,1
産業再生機構,3
限界,1
正直,2
手触り,2
中途半端,1
ケース,2
ミクロ,1
苦労,1
雰囲気,2
風格,1
感心,1
メタ,5
第一,1
追随,1
冷静,1
役割分担,3
経歴,1
侃々諤々,1
ユニーク,1
真面目,1
裏表,1
印象,1
皆さん,1
弁証法,1
物事,1
色,1
バック,1
キャスティング,1
会計,6
産業構造,5
好き,1
アドレナリン,1
最近,2
良い意味,1
舵,1
充実感,1
昔,1
活発,1
執行,25
容認,1
感謝,1
低下,3
AV機器,1
全盛期,1
半導体事業,1
塊,1
穴,2
変容,3
外形,1
セット,1
典型,1
矢継ぎ早,1
高度成長期,1
明らか,1
成熟,1
大型,4
通り,4
如何,2
特有,1
直面,2
動画配信,1
難易度,1
日本の象徴,1
企業体,1
日本企業,1
対峙,1
多面,1
トランスフォーメーション,1
株価,12
上下,1
日経平均,1
右肩上がり,1
ROE×PER,1
邪道,1
安易,1
自社株,1
誤解,1
代理人,2
未来永劫,2
代表者,2
株式市場,3
永遠,1
公,1
年金,1
大事,1
資産形成,1
長期的,1
執行責任,3
頭,2
プリミティブ,1
実効性,23
問い,1
企業統治,1
原点回帰,1
一般論,1
側,2
関係性,1
最初,2
多角,2
失敗,1
一番,1
BtoB,1
部品,2
結果論,1
テレビ事業,1
AVC,5
NETWORKS,6
液晶テレビ,1
パネル,1
外部調達,1
全固体電池,1
感度,1
勝負,2
立ち位置,2
無形,3
経営能力,2
有形,6
必須,1
ゴール,1
其の様,1
寿命,1
アクセル,2
撤退,1
経営判断,1
シャープ,1
ハンドル,1
ブレーキ,1
ハード,1
感覚,1
人選,2
一面,1
抽象,1
フィードバック,5
繰り返し,1
包括,1
委任,1
一般的,1
今日,1
明日,1
格段,1
傾向,1
理念,2
透明性,3
迅速,1
職務,4
株主総会,4
選任,6
解任,3
総額,7
上限,2
会計監査人,1
答申,9
指名,14
内部監査,5
コミッティ,1
統括,4
部門,1
CxO,2
戦略会議,5
委譲,4
統制,1
ERM,2
方向づけ,1
経理,7
法務,5
エンタープライズ,1
概要,4
スピーディー,4
リスク管理,4
客観性,3
中立,2
3分の1,1
決議,5
豊富,2
見識,2
有益,2
改選,1
任期,1
多数決,1
単独,2
裁量,1
追及,1
各自,1
独任制,1
精通,1
行使,1
実情,1
役付,1
常任,7
常勤,1
⾨性,1
弁護士,2
公認会計士,4
社外監査役,10
46.2%,1
候補者,2
額,2
サクセッション,1
プラン,1
委員,4
交代,2
時期,3
4回,2
出席,6
頻度,3
2回,2
15.4%,1
0%,2
事業年度,3
議案,13
提起,1
運営改善,1
PDCAサイクル,1
事前,3
条件,1
簡略,1
ツール,1
スケジュール,1
アンケート,5
設問,4
機関,2
助言,1
実施期間,1
形式,2
欄,1
経営陣,2
コメント,4
集計,2
過程,1
提言,1
活動内容,1
結論,1
付議,1
ボード,1
情報提供,2
発言,1
閲覧,1
専用,2
議事録,1
掲載,4
随時,1
事前説明,1
終了,2
ラップ,1
アップ,1
事務局,1
聴取,1
視察,2
都市,1
北京,1
杭州,1
宜興,1
大連,1
出張,1
事業部,2
豊中,1
溶接ロボット,2
製造工程,2
溶接,1
デモ,2
郡山,1
一堂,1
大部屋,1
台風19号,1
浸水,1
被害,1
水害,1
回議,1
運営方針,1
コミュニケーション戦略,2
インセンティブ,4
譲渡,12
制限,12
金銭,6
経営環境,1
毎月,3
支給,20
部分,9
年額,4
退任,5
直後,1
解除,1
付与,2
一定期間,1
代表取締役社長,12
最小,7
選定,1
55代,1
部分評価,1
ウエイト,5
幅,4
60%,1
高み,1
400%,1
80%,1
減価償却費,8
使用権,3
職責,1
発生件数,2
デザイン思考,1
過半数,1
客観,1
一任,1
1億円,1
氏名,5
引当,4
総計,3
本間,4
哲朗,4
佐藤,4
基嗣,4
宮部,4
義幸,4
担い手,1
会計処理,1
上表,3
115回,1
終結,1
費用計上,1
限度,2
種類,2
年月日,1
対象者,1
100回,1
員数,2
114回,1
112回,1
真剣,1
熱意,1
覚悟,1
8つ,1
整理,1
一覧,1
下表,1
デジタルトランスフォーメーション,1
トレンド,1
視座,1
洞察,1
投資判断,3
コントロール,1
回数,2
就任後,1
指,6
12回,12
10回,6
德,3
彩子,3
松井,2
独,10
西山,2
圭太,2
任,4
ー,3
野路,2
國夫,2
澤田,2
道隆,1
筒井,2
義信,2
藤井,3
英治,3
13回,2
馬場,2
英俊,2
江藤,2
彰洋,2
中村,2
明彦,2
由布,2
節子,2
報,1
常務,8
松下電工,1
パナソニック電工,1
上席,2
常務取締役,5
コーポレート,4
本部長,5
CRO,3
コンシューマー,1
北東,1
チャイナ,2
有,3
オペレーショナルエクセ,1
レンス,1
オペレーショナル,5
エクセレンス,5
コストバスターズ,1
BPR,1
ファイナンシャル,2
常務執行役員,5
出資,3
ホールディング,2
オランダ,2
施設,2
管財,2
グループコストバスターズプロジェクト,1
プライムライフテクノロジーズ,2
グループムダバスターズプロジェクト,1
チーフ・マニュファク,1
チャリング・オフィサー,1
CMO,1
クオリティ,1
CQO,1
チーフ・プロキュアメント・オフィサー,1
CPO,1
FF,1
東京,3
渉外,2
東京オリンピック,1
パラリンピック,1
REGAL,5
センター,6
所長,6
コネクティッドソリューションズ,1
ゼネラル,2
家運,2
GC,4
技術部,1
Strategy,1
役,3
姓,3
アルファベット順,3
太田昭和,1
監査法人,3
EY,1
有限責任,2
監,1
査,1
入,1
PwC,5
税務,1
事務所,3
税理士法人,1
入所,5
ユーザベース,2
Chief,3
Operating,1
Officer,3
PEOPLE,2
AND,7
Administrative,2
就,2
通商産業省,1
入省,1
内閣府,1
通商政策局,2
経済産業政策局,1
産業革新機構,1
内閣官房,1
東京電力,3
タスクフォース,1
事務局長,1
大臣官房,1
審議官,1
原子力損害賠償支援機構,1
連絡,1
次長,1
兼任,1
執行役,2
商務情報政策局,1
小松製作所,1
隆,1
代表取締役会長,2
特別,1
顧問,1
花王,3
鹼,1
ボストン・コンサルティング・グループ,1
コーポレイト・ディレクション,1
最高責任者,1
経営共創基盤,2
プラットフォーム,1
日本生命保険,2
インダストリアル,2
システムズ,4
インダストリアルソリューションズ,1
ブリヂストン,1
代表執行役,2
COO,2
Daimler,2
Truck,2
AG,2
Member,2
of,10
the,4
Supervisory,2
Board,2
ITS,4
Audit,2
Committee,2
Holding,1
プライス,1
ウォーターハウス,1
共同,2
登録,2
青山,1
代表社員,3
中央青山監査法人,1
あらた監査法人,1
中村明彦,1
会計事務所,1
足立,1
ヘンダーソン,1
宮武,1
藤田,1
法律,1
ルフ・クライス・ベルベーケ,1
法律事務所,4
アレン・アンド・オーベリー,1
ブリュッセル,1
渥美,2
臼井,2
坂井,1
外国法,1
総括,1
衛生,1
グループムダバスターズ,1
松岡,1
陽子,1
総務,2
保信,1
建設業,1
森井,1
理博,1
プライムプラネットエナジー,1
オート,1
MOTIVE!!,1
薬事,1
和代,1
経営企画,1
重雄,1
カスタマー,1
エクスペリエンス,1
CCXO,1
九州松下電器,2
アメリカ,1
経理部,1
主事,1
コミュニケーションズ,2
IR,10
参事,1
マレーシア,1
ヨーロッパ,1
センタ,1
主幹,1
歩み,13
連結子会社,4
年期,4
期末,9
決算,4
国際財務報告基準,2
IFRS,24
一般,2
妥当,2
米国会計基準,18
準拠,4
併記,2
売上高営業利益率,3
固定費,1
反動,1
親会社,25
所有者,25
帰属,28
法人税,1
売上高研究開発費率,2
支出,6
今期,1
固定資産,4
結合,2
現金,4
現金同等物,4
有利子負債,7
残高,1
分割,2
金融機関,3
借入,4
債務,1
全額,1
返済,3
米ドル,3
無担保,1
普通社債,1
10億,1
償還,2
社債,1
−4,2
棚卸資産,1
債権,2
法人,2
所得税,1
支払額,1
収入,1
減収,1
子会社化,1
440億円,1
リース,4
判定,1
貸手,1
当たり年,6
見地,1
勘案,1
30円,1
内部留保,1
生産活動,1
原,3
対比,2
向け,1
国内外,2
除,1
Kt,2
エコテクノロジー,1
PET,1
EC,1
加東,1
有価物,3
工程,2
歩留まり,1
熱硬化性樹脂,1
分別,1
廃,1
プラスチック,1
スコア,1
件,1
派遣社員,1
日本国内,1
効果的,1
末時,1
税引前利益,2
年度末,1
持分,12
本,3
注記,4
連結財務諸表,4
左記,2
表,2
用語,4
売上原価,1
販売費及び一般管理費,1
控除,1
当たり,10
希薄,1
13.,3
9.,2
有利子,1
負債比率,1
為替レート,2
1ユーロ,1
株主資本利益率,1
会計年度,1
中間,1
レート,1
負債,2
一年,1
長期負債,2
期首,4
IR活動,2
6回,2
Day,1
個別,3
エナジ,1
ミーティング,3
ファンドマネージャー,1
アナリスト,4
証券会社,1
単元,2
554人,1
会場,1
730人,1
ライブ配信,1
841人,1
タイムリー,1
情報発信,1
和,1
英,1
動画,1
総会,1
減損,1
業績悪化,1
増加傾向,1
域内,1
株価指数,1
決算発表,1
メール,1
啓発,1
書簡,1
電話,2
情報開示,1
設,1
所在地,1
大阪府,2
大字,2
発行済,1
総数,2
自己株式,2
名証,1
コ,1
ド,1
証券取引所,1
東,1
京,1
名古,1
株主名簿,1
管理人,1
事務,2
取扱,2
三井住友信託銀行,1
証券代行,1
大阪市中央区北浜,1
四丁目,1
5番,1
照会,1
フリーダイヤル,1
大株主,1
資本金,1
持分法適用会社,1
従,1
名所,1
1発,1
済,1
所有,5
日本マスタートラスト信託銀行,2
信託,8
カストディ,2
銀行,3
STATE,1
STREET,1
BANK,2
WEST,1
CLIENT,1
TREATY,1
生命保険,1
相互会社,1
MOXLEY,1
CO,1
LLC,1
米,2
託,1
預託,1
JPMorgan Chase,1
Bank,1
引,1
ADR,1
シンボル,1
PCRFY,1
Shareowner,1
Services,1
Box,1
St,1
PAUL,1
MN,1
U.S.A,1
Tel,2
−1,4
通話,1
無料,1
住友生命保険相互会社,1
持株会,1
JP,1
MORGAN,1
CHASE,1
松下,1
不動産,1
GOVERNMENT,1
OF,1
NORWAY,1
三菱UFJ信託銀行,1
受託,2
三井住友トラスト・ホールディングス,1
発行済株式数,1
分布,1
外国法人,1
出来高,2
東京証券取引所,1
月次,1
高値,1
安値,1
products,2
indices,2
FTSE,1
OOD,1
Blossom,1
JAPAN,1
In,1
Corporation,3
received,1
rating,1
AA,1
ON,1
scale,1
AA＝,1
A-C,1
CC,1
MSCI,9
Ratings,1
assessment,1
inclusion,1
Any,2
INDEX,3
use,1
LOGOS,2
trademarks,2
Service mark,2
or,5
names,2
herein,1
Do,1
not,1
constitute,1
sponsorship,1
endorsement,1
promotion,1
affiliates,2
indexes,1
are,2
the Ex,1
clusive,1
property,1
姿勢,1
併,1
覧,1
e,2
東京都千代田区有楽町,1
一丁目,1
1番,1
2号,1
東京ミッドタウン日比谷,1
14階,1
案内,1
Investor,1
Relations,1
Business,1
Support,1
Europe,1
GmBH,1
UK,1
BRANCH,1
Maxis,1
Western,1
Road,1
Bracknell,1
Berkshire,1
RG,1
ReTweet,1
United Kingdom,1
サ,1
ト,1
ご覧,2
撮影,1
電化製品,1
生活,1
LED照明,1
1号,1
発売,2
サイズ,1
エネファーム,1
専門,1
大気中,1
熱,1
写真,1
ストックオプション,1
