市場,業種,コード,銘柄名,file_name
プライム,食料品,20020,日清製粉グループ本社,NFMu.pdf
プライム,食料品,25010,サッポロホールディングス,Indegrated%20report_2022.pdf
プライム,食料品,25030,キリンホールディングス,kirinreport2023.pdf
プライム,食料品,26070,不二製油グループ本社,fujioil_integrated_report2023_01.pdf
プライム,食料品,28020,味の素,ASV_Report_2023_J_A3.pdf
プライム,食料品,29140,日本たばこ産業,integrated2022_J_all.pdf
プライム,繊維製品,31010,東洋紡,TOYOBO%20REPORT%202023%203.pdf
プライム,繊維製品,34010,帝人,00.pdf
プライム,化学,34070,旭化成,23jp.pdf
プライム,化学,40050,住友化学,scr2023.pdf
プライム,化学,40210,日産化学,ar2023.pdf
プライム,化学,40230,クレハ,110_kurehareport.pdf
プライム,化学,40280,石原産業,2023.pdf
プライム,化学,40420,東ソー,report2023.pdf
プライム,化学,40630,信越化学工業,%E3%82%A2%E3%83%8B%E3%83%A5%E3%82%A2%E3%83%AB%E3%83%AC%E3%83%9D%E3%83%BC%E3%83%882023%EF%BC%88%E9%96%B2%E8%A6%A7%E6%8E%A8%E5%A5%A8%EF%BC%89.pdf
プライム,化学,41140,日本触媒,technoamenity_report_jp.pdf
プライム,化学,42020,ダイセル,daicel_report_2023_jp_mihiraki.pdf
プライム,化学,42030,住友ベークライト,IR2023_full.pdf
プライム,化学,42050,日本ゼオン,230929.pdf
プライム,化学,44520,花王,reports-fy2023j-all-001_01.pdf
プライム,化学,44610,第一工業製薬,rc2023m.pdf
プライム,化学,46120,日本ペイントホールディングス,IntegratedReport_2023_jp.pdf
プライム,化学,46310,ＤＩＣ,dic_report_ja_2023_detail.pdf
プライム,化学,49110,資生堂,report-jp.pdf
プライム,化学,49120,ライオン,ir2023.pdf
プライム,化学,49220,コーセー,report2023-all.pdf
プライム,化学,49270,ポーラ・オルビスホールディングス,IntegratedReport2022_A3_s.pdf
プライム,化学,49960,クミアイ化学工業,ar2024_all.pdf
プライム,医薬品,41510,協和キリン,integrated_report_2023.pdf
プライム,医薬品,45020,武田薬品工業,Takeda_2023_Annual_Integrated_Report_JP.pdf
プライム,医薬品,45030,アステラス製薬,astellas_ar2023_j_all_1006.pdf
プライム,医薬品,45060,住友ファーマ,integrated_report2023_jpn.pdf
プライム,医薬品,45190,中外製薬,jAR2022_12_spread.pdf
プライム,医薬品,45210,科研製薬,cr_2023.pdf
プライム,医薬品,45230,エーザイ,pdf2023vcr.pdf
プライム,医薬品,45270,ロート製薬,sp_m_ns_web_0906187892309.pdf
プライム,医薬品,45280,小野薬品工業,2023_15_ja.pdf
プライム,医薬品,45300,久光製薬,Integrated_report2023.pdf
プライム,医薬品,45340,持田製薬,ir2023.pdf
プライム,医薬品,45360,参天製薬,ar2023.pdf
プライム,医薬品,45470,キッセイ薬品工業,20230914_IR23J.pdf
プライム,医薬品,45680,第一三共,VR2023_JP_full.pdf
プライム,医薬品,45690,杏林製薬,AR2023JA.pdf
プライム,医薬品,45780,大塚ホールディングス,2022_all_a4.pdf
プライム,石油・石炭製品,50200,ＥＮＥＯＳホールディングス,00.pdf
プライム,ゴム製品,51010,横浜ゴム,sustainability2023_a3.pdf
プライム,ガラス・土石製品,52320,住友大阪セメント,soc_InR_2023.pdf
プライム,ガラス・土石製品,53100,東洋炭素,00.pdf
プライム,ガラス・土石製品,53330,日本碍子,ngk2023_a3.pdf
プライム,ガラス・土石製品,53340,日本特殊陶業,ir_integration_report_07.pdf
プライム,鉄鋼,54010,日本製鉄,nsc_jp_ir_2023_all_a3.pdf
プライム,鉄鋼,54060,神戸製鋼所,integrated-reports2023.pdf
プライム,非鉄金属,57110,三菱マテリアル,00.pdf
プライム,非鉄金属,57270,東邦チタニウム,csr_2023.pdf
プライム,非鉄金属,58020,住友電気工業,integratedreport2023.pdf
プライム,機械,63320,月島ホールディングス,Tlj1.pdf
プライム,機械,63610,荏原製作所,INT23_a3_JP.pdf
プライム,機械,63670,ダイキン工業,2023-pdf.pdf
プライム,機械,63700,栗田工業,annual_2023.pdf
プライム,機械,64900,日本ピラー工業,d9e72bba810b4c1e48ca3fc4744f4616256c365d.pdf
プライム,機械,70110,三菱重工業,report_2023_a3.pdf
プライム,機械,70130,ＩＨＩ,integrated2023_all.pdf
プライム,電気機器,64480,ブラザー工業,ful-a3-j.pdf
プライム,電気機器,65010,日立製作所,ar2023j.pdf
プライム,電気機器,65250,ＫＯＫＵＳＡＩ_ＥＬＥＣＴＲＩＣ,download.pdf
プライム,電気機器,66450,オムロン,OMRON_Integrated_Report_2023_jp_A4.pdf
プライム,電気機器,66740,ジーエス・ユアサ_コーポレーション,GS_Yuasa_Report_2023.pdf
プライム,電気機器,67010,日本電気,etsuran.pdf
プライム,電気機器,67020,富士通,integrated-report_2023_jp.pdf
プライム,電気機器,67270,ワコム,140120230509561790.pdf
プライム,電気機器,67520,パナソニック_ホールディングス,pana_ar2023j_a4.pdf
プライム,電気機器,67530,シャープ,annual_2023j_int.pdf
プライム,電気機器,67580,ソニーグループ,CorporateReport2023_J.pdf
プライム,電気機器,67620,ＴＤＫ,integrated_report_pdf_2023_ja.pdf
プライム,電気機器,68100,マクセル,MAX_IR23_J_interactive.pdf
プライム,電気機器,68410,横河電機,ir_2023yreports_facingpage.pdf
プライム,電気機器,68560,堀場製作所,20230621_HR_jp.pdf
プライム,電気機器,69520,カシオ計算機,integrated-2023.pdf
プライム,電気機器,69630,ローム,JP_rohm_group_integrated_report_2023_view.pdf
プライム,電気機器,69760,太陽誘電,XSas.pdf
プライム,電気機器,72760,小糸製作所,KOITO_INTEGRATED_REPORT_2022_full.pdf
プライム,電気機器,77350,ＳＣＲＥＥＮホールディングス,SCREEN_ARJ_2023.pdf
プライム,電気機器,77510,キヤノン,canon-int-2024-j.pdf
プライム,電気機器,77520,リコー,all_J_spread.pdf
プライム,輸送用機器,70120,川崎重工業,23_houkokusyo.pdf
プライム,輸送用機器,72030,トヨタ自動車,2023_001_integrated_jp.pdf
プライム,輸送用機器,72590,アイシン,aisin_ar2023_a3.pdf
プライム,輸送用機器,72670,本田技研工業,Honda_Report_2023-jp-all.pdf
プライム,輸送用機器,72700,ＳＵＢＡＲＵ,Ir2023j.pdf
プライム,精密機器,45430,テルモ,TR2023_all_spread_J.pdf
プライム,精密機器,63760,日機装,00.pdf
プライム,精密機器,77410,ＨＯＹＡ,online_report2023_jp.pdf
プライム,精密機器,77470,朝日インテック,asahi-intecc_integrated-report_2023.pdf
プライム,精密機器,77800,メニコン,20231012083938322s.pdf
プライム,その他製品,79110,ＴＯＰＰＡＮホールディングス,00.pdf
プライム,その他製品,79150,ＮＩＳＳＨＡ,NisshaReport2023_A3.pdf
プライム,その他製品,79360,アシックス,file.pdf
プライム,その他製品,79510,ヤマハ,an-2023.pdf
