市場,業種,コード,銘柄名,file_name,ページ範囲1,ページ範囲2,ページ範囲3,除外文字列
プライム,食料品,20020,日清製粉グループ本社,NFMu.pdf,"5, 6, 7, 8, 9, 10, 11, 12, 13, 14, 15, 16, 17, 18, 19, 20, 21, 22, 23, 24, 25, 26, 27, 28, 29, 30","5, 6, 7, 8, 9, 10, 11, 12, 13, 14, 15, 16, 17, 18, 19, 20, 21, 22, 23",-,"\d+日清製粉グループ統合報告書2023
Chapter 3   価値創造の基盤　Chapter 1   日清製粉グループとはChapter 2   価値創造の戦略"
プライム,食料品,25010,サッポロホールディングス,Indegrated%20report_2022.pdf,"9, 10, 11, 12, 13, 14, 15, 16, 17, 18, 19, 20, 21, 22, 23, 24, 25, 26, 27, 28, 29, 30, 31, 32, 33, 34, 35, 36, 37, 38, 39, 40, 41, 42, 43, 44, 45, 46, 47, 48, 49, 50, 51, 52","9, 10, 11, 12, 13, 14, 15, 16, 17, 18, 19, 20, 21, 22, 23, 24, 25, 26, 27, 28, 29, 30, 31, 32, 33, 34, 48, 49, 50, 51, 52",-,SAPPORO HOLDINGS Integrated Report 2022目次　　社長メッセージ　　価値創造ストーリー　　中長期の戦略　　ガバナンス　　パフォーマンスデータ\d+
プライム,食料品,25030,キリンホールディングス,kirinreport2023.pdf,"26, 27, 28, 29, 30, 31, 32, 33, 34, 35, 36, 37, 38, 39, 40, 41, 42, 43, 44, 45, 46, 47, 48, 49, 50, 51, 52, 53, 54, 55, 56, 57, 58, 59, 60, 61, 62, 63, 64, 65, 66, 67, 68, 69, 70, 71, 72, 73, 74, 75, 76, 77, 78, 79, 80, 81, 82, 83, 84, 85, 86, 87, 88, 89, 90, 91, 92, 93, 94, 95, 96, 97, 98, 99, 100, 101, 102, 103, 104, 105, 106, 107, 108, 109","26, 27, 28, 29, 30, 31, 32, 33, 34, 35, 36, 37, 38, 39, 40, 41, 42, 43, 44, 45, 46, 47, 48, 49, 50, 51, 52, 53, 54, 55, 56, 57, 58, 59, 60, 61, 62, 63, 64, 65, 66, 67, 68, 69, 70, 71, 72, 73, 74, 75, 76, 77, 78, 79, 80, 81, 82, 83, 84, 85, 86, 87, 88, 89, 90, 91, 92, 93, 94, 95, 96, 97","32, 33, 34, 35, 36, 37",KIRIN.*?INTEGRATED.*?REPORT.*?2023キリングループについて価値創造モデル.*?INPUT価値創造モデル.*?OUTPUT価値創造モデルBUSINESS価値創造モデル.*?OUTCOMECSV経営コーポレートガバナンスリスクマネジメント目次P\d+
プライム,食料品,26070,不二製油グループ本社,fujioil_integrated_report2023_01.pdf,"8,9,10,11, 12, 13, 14, 15, 16, 17, 18, 19, 20, 21, 22, 23, 24, 25, 26, 27, 28, 29, 30, 31, 32, 33, 34, 35, 36, 37, 38, 39, 40, 41, 42, 43, 44, 45, 46","17, 18, 19, 20, 21, 22, 23, 24, 25, 26, 27, 28, 29, 30, 31, 32, 33, 34, 35, 36, 37, 38, 39, 40, 41","39, 40, 41","不二製油グループ 統合報告書 2023\d+
不二製油グループ 統合報告書 2023\d+イントロダクション
不二製油グループ 統合報告書 2023\d+不二製油グループの価値創造
不二製油グループ 統合報告書 2023\d+戦略とパフォーマンス
不二製油グループ 統合報告書 2023\d+ガバナンス
CEO  MessageI N T R O D U C T I O N
V A L U E  C R E A T I O N
S T R A T E G Y  A N D  P E R F O R M A N C E


"
プライム,食料品,28020,味の素,ASV_Report_2023_J_A3.pdf,"17, 18, 19, 20, 21, 22, 23, 24, 25, 26, 27, 28, 29, 30, 31, 32, 33, 34, 35, 36, 37, 38, 39, 40, 41, 42, 43","17, 18, 19, 20, 21, 22, 23, 24, 25, 26, 27, 28, 29, 30, 31, 32, 33, 34, 35, 36, 42, 43","30, 31, 32, 33, 34, 35, 36","\d+CHAPTER
\d+ASV REPORT 2023ASV REPORT 2023 \d+
アミノサイエンス®でできること
社長メッセージ
アミノサイエンス®で成長を加速し、構造改革から成長へとシフトします。"
プライム,食料品,29140,日本たばこ産業,integrated2022_J_all.pdf,"21, 22, 23, 24, 25, 26, 27, 28, 29, 30, 31, 32, 33, 34, 35, 36, 37, 38, 39, 40, 41, 42, 43, 44","25, 26, 27, 28, 29, 30, 31, 32, 33, 34, 35, 36, 37, 38, 39",-,\d+日本たばこ産業　統合報告書 2022日本たばこ産業　統合報告書 2022アイデンティティマテリアリティと サステナビリティ事業と戦略ガバナンス財務情報・その他
プライム,繊維製品,31010,東洋紡,TOYOBO%20REPORT%202023%203.pdf,"5, 6, 7, 8, 9, 10, 11, 12, 13, 14, 15, 16, 17, 18, 19, 20, 21, 22, 23, 24, 25, 26, 27, 28, 29, 30, 31, 32, 33, 34, 35, 36, 37, 38, 39, 40, 41, 42, 43, 44, 45, 46, 47, 48, 49, 50, 51, 52, 53, 54, 55, 56, 57, 58, 59, 60, 61, 62, 63, 64, 65, 66, 67, 68","5, 6, 7, 8, 11, 19, 20, 21, 22, 23, 24, 25, 26, 27, 28, 29, 30, 31, 32, 33, 34, 35, 36, 37, 38, 39, 40, 41, 42, 43, 44, 45, 46",28,"TO Y O B O  RE P O RT 2023
価値創造ストーリーイントロダクション価値創造の戦略
価値創造の実践価値創造の基盤資料編
。\n.*?CEOメッセージ
。\n.*?価値創造プロセス
。\n.*?東洋紡のあゆみ
。\n.*?At a glance
。\n.*?サステナブル・ビジョン203
。\n.*?マテリアリティ
。\n.*?財務・サステナビリティハイライト
。\n.*?CFOメッセージ
。\n.*?デジタル・トランスフォーメーション
。\n.*?イノベーション
。\n.*?2025中期経営計画
。\n.*?事業別概況
。\n.*?ライフサイエンス
。\n.*?環境・機能材
。\n.*?特集「東洋紡エムシー始動」
。\n.*?機能繊維・商事
。\n.*?フィルム"
プライム,繊維製品,34010,帝人,00.pdf,"22, 23, 24, 25, 26, 27, 28, 29, 30, 31, 32, 33, 39, 40, 41, 42, 43","22, 23, 24, 25, 26, 27, 28, 29, 30, 31, 32, 33",32,"TEIJIN LIMITED　統合報告書 2023TEIJIN LIMITED　統合報告書 2023\d+　\d+
収益性改善に向けた改革データセクション帝人グループの価値創造企業価値向上を支える経営基盤"
プライム,化学,34070,旭化成,23jp.pdf,"23, 24, 25, 26, 27, 28, 29, 30, 31, 32, 33, 34, 35, 36, 37, 38, 39, 40, 41, 42, 43, 44, 45, 46, 47, 48, 49, 50, 51, 52, 53, 54, 55, 56, 57, 58, 59, 60, 61, 62, 63, 64, 65, 66, 67, 68, 69, 70, 71, 72, 73, 74, 75, 76, 77, 88, 89, 90, 91, 92, 93, 94","23, 24, 25, 26, 27, 28, 29, 30, 31, 32, 33, 34, 35, 36, 37, 38, 39, 40, 41, 42, 43, 44, 45, 46, 47, 48, 49, 50, 51, 52, 53, 54, 55, 56, 57, 58, 59, 60, 61, 62, 63, 64, 65, 66, 67, 68, 69, 70, 71, 72, 73, 74, 75, 76, 77","76, 77","旭化成レポート2023価値創造成長戦略旭化成の目指す姿ガバナンス強化成長の基盤強化企業情報\d+
旭化成レポート2023\d+"
プライム,化学,40050,住友化学,scr2023.pdf,"31, 32, 33, 34, 35, 36, 37, 38, 39, 40, 41, 42, 43, 44, 45, 46, 47, 48, 49, 50, 51, 52, 53, 54, 55, 56, 57, 58, 59, 60, 61, 62, 63, 64, 65, 66, 67, 68, 69, 70, 71, 72, 73, 74, 75, 76, 77, 78, 79, 80, 81, 82","31, 32, 33, 34, 35, 36,  49, 50, 51, 52, 53, 54, 55, 56, 63, 64, 65, 66, 67, 68, 69, 70, 71, 72, 73, 74, 75, 76, 77, 78, 79, 80, 81, 82","49, 50, 51, 52","\d+住友化学レポート2023
はじめに会長メッセージ
はじめにトップメッセージ
住友化学とは企業理念
住友化学とは住友化学の歴史
住友化学のコア・コンピタンス
住友化学とは価値創造フロー
住友化学とは住友化学の５つの事業領域
住友化学とは経営として取り組む重要課題とKPI
住友化学とは財務ハイライト
住友化学の戦略2022-2024年度 中期経営計画
住友化学の戦略財務戦略
住友化学の戦略IR活動
事業継続のための基盤住友化学の戦略経営として取り組む重要課題
社会価値創出に関する重要課題住友化学の戦略経営として取り組む重要課題
将来の価値創造に向けた重要課題住友化学の戦略経営として取り組む重要課題
住友化学の戦略経営として取り組む重要課題
住友化学の戦略事業戦略"
プライム,化学,40210,日産化学,ar2023.pdf,"7, 8, 9, 10, 11, 12, 13, 14, 15, 16, 22, 23, 24, 25, 26, 27, 28, 29, 30, 31, 32, 33, 34, 35, 36, 37, 38, 39, 40, 41, 42","7, 8, 9, 10, 11, 12, 13, 14, 15, 16, 22, 23, 24, 25, 26, 27, 28, 29, 30, 31, 32, 33",14,\d+Nissan Chemical CorporationIntegrated Report 2023
プライム,化学,40230,クレハ,110_kurehareport.pdf,-,-,-,
プライム,化学,40280,石原産業,2023.pdf,"7, 8, 9, 10, 11, 12, 13, 14, 15, 16, 17, 18, 19, 20, 21, 22, 23, 24, 25, 26, 27, 28, 29, 30, 31, 32, 33, 38, 39, 40, 41, 42, 43, 44, 45, 46, 47, 48, 49, 50, 51, 52, 53, 54, 55, 56, 57, 58, 59, 60, 61, 62","7, 8, 9, 10, 11, 12, 13, 14, 15, 16, 17, 18, 19, 20, 21, 22, 23, 24, 25, 26, 27, 28, 29, 30, 31",22,
プライム,化学,40420,東ソー,report2023.pdf,"11, 12, 13, 14, 15, 16, 17, 18, 19, 20, 21, 22, 23, 24, 25, 26, 27, 28, 29, 30, 31, 32, 33, 34, 35, 36, 37, 38, 39, 40, 41, 42, 43, 44, 45, 46, 47, 48, 49, 50, 51, 52, 53, 54, 55, 56, 57, 58, 59, 60, 61, 62, 63, 64,  67, 68, 69, 70, 75, 76","11, 12, 13, 14, 15, 16, 17, 18, 19, 20, 21, 22, 23, 24, 25, 26, 39, 40,  43, 44, 45, 46, 47, 48, 49, 50, 51, 52, 53, 54, 55, 56","39, 40",
プライム,化学,40630,信越化学工業,%E3%82%A2%E3%83%8B%E3%83%A5%E3%82%A2%E3%83%AB%E3%83%AC%E3%83%9D%E3%83%BC%E3%83%882023%EF%BC%88%E9%96%B2%E8%A6%A7%E6%8E%A8%E5%A5%A8%EF%BC%89.pdf,"7, 8, 9, 10, 11, 12, 13, 14, 15, 16, 17, 18, 19, 20, 21, 22, 23, 24, 25, 26, 27, 28, 29","7, 8, 9, 10, 11, 12, 13, 17, 18, 19, 20, 21, 22 ",12,
プライム,化学,41140,日本触媒,technoamenity_report_jp.pdf,"7, 8, 9, 10, 11, 12, 13, 14, 15, 16, 17, 18, 19, 20, 21, 22, 23, 24, 25, 26, 27","7, 8, 9, 11, 12, 14, 15, 18, 19, 20, 21, 22, 23, 24, 26, 27",23,
プライム,化学,42020,ダイセル,daicel_report_2023_jp_mihiraki.pdf,"3, 4, 5, 6, 7, 8, 9, 10, 11, 12, 13, 14, 15, 16, 17, 18, 19, 20, 21, 22, 23, 24","3, 4, 5, 7, 8, 9, 11, 12,  19, 20, 21, 22, 23, 24",-,
プライム,化学,42030,住友ベークライト,IR2023_full.pdf,"7, 8, 9, 10, 11, 12, 13, 14, 15, 16, 17, 18, 19, 20, 21, 22, 23, 24, 25, 26, 27, 28, 29, 30, 31, 32, 33, 34, 35, 36, 37, 38, 39, 40, 41","7, 9, 10, 11, 12, 15, 16, 17, 18",18,
プライム,化学,42050,日本ゼオン,230929.pdf,"10, 11, 12, 13, 14, 15, 16, 17, 18, 19, 20, 21, 22, 23, 24, 25, 26, 27, 28, 29, 30, 31, 32, 33, 34, 35","10, 12, 13, 14, 15, 16, 17, 18, 19, 20, 21, 22, 23, 24, 25, 26, 27, 28",25,
プライム,化学,44520,花王,reports-fy2023j-all-001_01.pdf,"10, 11, 12, 13, 14, 15, 16, 17, 18, 19, 20, 21, 22, 23, 24, 25, 26, 27, 28, 29, 30, 31, 32, 33, 34, 35, 36, 37, 38, 39, 40, 41","12, 18, 19, 20, 21, 22, 23, 24, 25, 26, 27, 28, 29, 30, 31, 32, 33, 34, 35, 36, 37, 38",38,
プライム,化学,44610,第一工業製薬,rc2023m.pdf,"3, 4, 5, 6, 7, 8, 9, 10, 11, 12, 13, 14, 15, 16, 17, 18, 19, 20, 21, 22, 23, 24, 25, 26, 27, 28, 29, 30","3, 4, 13, 14, 15, 16, 17, 18, 21, 22, 23, 24, 25",16,
プライム,化学,46120,日本ペイントホールディングス,IntegratedReport_2023_jp.pdf,"17, 18, 19, 20, 21, 22, 23, 24, 25, 26, 27, 28, 29, 30, 31, 32, 33, 34, 35, 36, 37, 38, 39, 40, 41, 42, 43, 44, 45, 46, 47, 48","17, 18, 19, 20, 21, 22, 23, 24, 26, 27, 28, 29, 30, 31, 32, 33, 34, 35, 36, 37, 38, 39, 40, 41, 42, 43, 44, 45, 46, 47, 48","39,40",
プライム,化学,46310,ＤＩＣ,dic_report_ja_2023_detail.pdf,"10, 11, 12, 13, 14, 15, 16, 17, 18, 19, 20, 21, 22, 23, 24, 25, 26, 27, 28, 29, 30, 31, 32, 33, 34, 35, 36, 37, 38, 39, 40, 41, 42, 43, 44, 45, 46, 47, 48, 49, 50, 51, 52, 53, 54, 55, 56, 57, 58, 59, 60, 61, 62, 63, 64, 65, 66, 67, 68, 69, 70, 71, 72, 73, 74, 75, 76, 77, 78, 79, 80, 81, 82, 83, 84, 85, 86, 87, 88, 89, 90, 91, 92, 93, 94, 95, 96, 97, 98, 99, 100, 101, 102, 103, 104, 105, 106, 107, 108, 109, 110, 111, 112, 113, 114, 115, 116, 117, 118, 119, 120, 121, 122, 123, 124, 125, 126, 127","10, 11, 12, 13, 14, 15, 16, 17, 18, 19, 20, 21, 22, 23, 24, 25, 26, 27, 30, 31, 32, 37, 38, 39, 40, 41, 42, 43, 44, 45, 46, 47, 48, 49, 50, 51,",41,
プライム,化学,49110,資生堂,report-jp.pdf,"22, 23, 24, 25, 26, 27,  32, 33, 34, 35, 36, 37, 38, 39, 40, 41, 42, 43, 44, 45, 46, 47, 48, 49, 50, 51, 52, 53, 54, 55, 56, 57, 58, 59, 60, 61, 62, 63, 64, 65","22, 23, 24, 25, 26, 27,  32, 33, 34, 35, 36, 37, 38, 39, 40, 41, 42, 43, 44, 45, 46, 47, 48, 49, 50, 51, 52, 53, 54, 55, 56, 57, 58","42, 43, 44, 45",
プライム,化学,49120,ライオン,ir2023.pdf,"6, 8, 9, 10, 11, 12, 13, 14, 15, 16, 17, 18, 19, 20, 21, 22, 23, 24, 25, 26, 27, 28, 29, 30, 31, 32, 33, 34, 35, 36, 37, 38, 39, 40, 41, 42, 43, 44, 45, 46, 47, 48, 49, 50, 51","6, 8, 9, 10, 11, 12, 13, 14, 15, 16, 17, 18, 19, 20, 21, 22, 23, 24, 25, 26, 27, 28, 29, 30, 31, 32, 33, 34, 35, 36, 37, 38, 39, 40",32,
プライム,化学,49220,コーセー,report2023-all.pdf,"5, 6, 7, 8, 9, 10, 11, 12, 13, 14, 15, 24, 25, 26, 27, 28, 29, 30, 31, 32, 33, 34","5, 6, 7, 8, 9, 10, 11, 12, 13, 14, 15, 24, 25, 26, 27",-,
プライム,化学,49270,ポーラ・オルビスホールディングス,IntegratedReport2022_A3_s.pdf,"3, 4, 5, 6, 9, 10, 11, 12, 13, 14, 15, 16, 17, 18, 19, 20, 21, 22, 23, 24, 25, 26, 27","3, 4, 5, 6, 9, 10, 11, 12, 16, 17, 18, 19, 20, 21, 22, 23",19,
プライム,化学,49960,クミアイ化学工業,ar2024_all.pdf,"6, 7, 8, 9, 10, 11, 12, 13, 14, 15, 16, 17, 18, 19, 20, 21, 22, 23, 24, 25, 26, 27, 28","6, 7, 8, 9, 10, 11, 12, 13, 14, 15, 16, 17, 18, 19, 20, 21, 22, 23, 24, 25, 26, 27, 28",10,
プライム,医薬品,41510,協和キリン,integrated_report_2023.pdf,"2, 3, 4, 5, 6, 7, 8, 9, 10, 11, 12, 13, 14, 15, 19, 20, 21, 22, 23, 24, 25, 26, 27, 28, 29, 30, 31, 32, 33, 34, 35, 36, 37, 38, 39, 40, 41, 42","2, 3, 4, 5, 6, 7, 8, 9, 10, 11, 12, 13, 14, 15, 19, 20, 21, 22, 23, 24, 25, 26, 27, 28, 35, 36, 37, 38","21, 22, 23",
プライム,医薬品,45020,武田薬品工業,Takeda_2023_Annual_Integrated_Report_JP.pdf,", 3, 4, 5, 6, 7, 8, 9, 10, 11, 12, 13, 14, 20, 21, 22, 23, 24, 25, 26, 27, 28, 29, 30, 31, 32, 33, 34, 35, 36, 37, 38, 39, 40, 41, 42, 43, 44, 45, 46",", 3, 4, 5, 6, 7, 8, 9, 10, 11, 12, 13, 14, 20, 21, 22, 23, 24, 25, 26, 27, 28, 29, 30, 31, 32, 33, 34, 35, 36, 37, 38, 39, 40, 41, 42, 43, 44, 45, 46",-,
プライム,医薬品,45030,アステラス製薬,astellas_ar2023_j_all_1006.pdf,"7, 8, 9, 10, 11, 12, 14, 15, 16, 17, 18, 19, 20, 21, 22, 23, 24, 26, 27, 28, 29, 30, 31, 32, 33, 34, 35, 36, 37, 38, 39, 40, 41, 42, 43, 44, 45, 46, 47, 48, 49, 50, 51, 52, 53, 54, 55, 56, 57, 58, 59, 60, 61, 62, 63, 64, 65, 66, 67, 68","7, 8, 9, 10, 11, 12, 14, 15, 16, 17, 18, 19, 20, 21, 22, 23, 24, 26, 27, 28, 29, 30, 31, 32, 33, 34, 35, 36, 37, 38, 39, 40, 41, 42, 43, 44, 45, 46, 47, 48, 49, 50, 51, 52, 53, 54, 55, 56, 57, 58, 59","52, 53, 54, 55, 56, 57",
プライム,医薬品,45060,住友ファーマ,integrated_report2023_jpn.pdf,"9, 10, 11, 12, 14, 15, 17, 18, 21, 22, 23, 24, 25, 26, 27, 28, 29, 30, 31, 32, 33, 34, 35, 36, 61, 62, 63, 64, 65, 66, 67, 68, 70, 71, 72, 73, 74, 75, 76, 77, 78, 79, 80, 81, 82, 83, 84, 85","9, 10, 11, 12, 14, 15, 17, 18, 21, 22, 23, 24, 25, 26, 27, 28, 29, 30, 31, 32, 33, 34, 35, 36, 61, 62, 63, 64, 65, 66, 67, 68",-,
プライム,医薬品,45190,中外製薬,jAR2022_12_spread.pdf,"2, 3, 4, 5, 6, 7, 8, 9, 10, 11, 12, 13, 14, 15, 16, 17, 18, 19, 20, 21, 22, 23, 24, 25, 26, 27, 28, 29, 30","2, 3, 4, 5, 6, 7, 8, 9, 10, 11, 12, 13, 14, 15, 16, 17, 18, 19, 20, 21, 22, 23, 24, 25, 26, 27, 28, 29, 30",27,
プライム,医薬品,45210,科研製薬,cr_2023.pdf,"3, 4, 5, 6, 7, 8, 9, 10, 11, 12, 13, 14, 15, 16, 17, 18, 19, 20, 21, 22, 23, 24","3, 4, 5, 6, 7, 8, 9, 10, 11, 12, 13, 15, 16, 17, 18, 19, 20, 21, 22, 23, 24",-,
プライム,医薬品,45230,エーザイ,pdf2023vcr.pdf,"6, 7, 8, 9, 10, 11, 12, 13, 14, 15, 16, 17, 18, 19, 20, 21, 22, 23, 24, 25, 26, 27, 28, 29, 30, 31, 32, 33, 41, 42","6, 7, 8, 9, 10, 11, 12, 13, 14, 15, 16, 17, 18, 19, 20, 21, 22, 23, 24, 25, 26, 27, 28, 29, 30, 31, 32, 33",-,
プライム,医薬品,45270,ロート製薬,sp_m_ns_web_0906187892309.pdf,"3, 4, 5, 6, 7, 8, 9, 10, 11, 12, 13, 14, 15, 16, 17, 18, 19, 20, 21, 22, 23, 24, 25, 26, 27, 28, 29","3, 4, 5, 6, 7, 8, 9, 10, 11, 12, 13, 14, 15, 16, 17, 18, 19, 20, 21, 22",19,
プライム,医薬品,45280,小野薬品工業,2023_15_ja.pdf,"8, 9, 10, 11, 12, 13, 14, 15, 16, 17, 18, 19, 20, 21, 22, 23, 24, 25, 26, 27, 28, 29, 30, 31, 32, 33, 34, 35, 36, 37, 38, 39, 40, 41, 42","8, 9, 10, 11, 12, 13, 14, 15, 16, 17, 18, 19, 20, 21, 22, 23, 24, 25, 26, 27, 28, 29, 30, 31, 32, 33",31,
プライム,医薬品,45300,久光製薬,Integrated_report2023.pdf,"3, 4, 5, 6, 7, 8, 9, 10, 11, 12, 13, 14, 15, 16, 17, 18, 19, 20","3, 4, 5, 6, 7, 8, 9, 10, 11, 12",-,
プライム,医薬品,45340,持田製薬,ir2023.pdf,"2, 3, 5, 6, 7, 8, 9, 10, 11, 12, 13, 14, 15, 21, 22, 23, 24","2, 3, 5, 6, 7, 8, 9, 10, 11, 12, 13, 14, 15, 21, 22, 23, 24",11,
プライム,医薬品,45360,参天製薬,ar2023.pdf,"5, 6, 7, 8, 9, 10, 11, 12, 13, 14, 15, 16, 17, 18, 19, 20, 21, 22, 23, 24, 25, 26, 27, 28, 29, 30, 31, 32, 33, 34, 35, 36, 37, 38, 39, 40, 41, 42","5, 6, 7, 8, 9, 10, 11, 12, 13, 14, 15, 16, 17, 18, 19, 20, 21, 22, 23, 24, 25, 26, 27, 28, 29, 30, 31, 32",28,
プライム,医薬品,45470,キッセイ薬品工業,20230914_IR23J.pdf,"3, 4, 5, 6, 7, 8, 9, 10, 11, 12, 13, 14, 15, 16, 17, 18, 19, 20, 21, 22","3, 4, 5, 6, 7, 8, 9, 10, 11, 12, 13, 14, 15, 16, 17, 18",14,
プライム,医薬品,45680,第一三共,VR2023_JP_full.pdf,"5, 6, 7, 8, 9, 10, 11, 12, 13, 14, 15, 16, 17, 18, 19, 20, 21, 22, 23, 24, 25, 26, 27, 28, 29, 30, 31, 32, 33, 34, 35, 36, 37, 38, 39, 40, 41","5, 6, 7, 8, 9, 10, 11, 12, 13, 14, 15, 16, 17, 18, 19, 20",-,
プライム,医薬品,45690,杏林製薬,AR2023JA.pdf,"5, 6, 7, 8, 9, 10, 11, 12, 13, 14, 15, 16, 17, 18, 19, 20, 21, 22, 23, 24, 25, 26, 27, 28, 29, 30","5, 6, 7, 8, 9, 10, 11, 12, 13, 14, 15, 16, 17, 18, 19, 20, 21, 22, 23, 24",23,
プライム,医薬品,45780,大塚ホールディングス,2022_all_a4.pdf,"7, 8, 9, 10, 11, 12, 13, 14, 15, 16, 17, 18, 19, 20, 21, 22, 23, 24, 25, 26, 27, 28, 29, 30, 31, 32, 33, 34, 35, 36, 37, 38, 39, 40, 41, 42, 43, 44, 45, 46, 47, 48, 49, 50, 51, 52, 53, 54, 55, 56, 57, 58, 59, 60, 61, 62, 63","7, 8, 9, 10, 11, 12, 13, 14, 15, 20, 21, 22, 23, 24, 25, 26, 27, 28, 29, 30, 31, 32, 33, 34, 35, 36, 37, 38, 39, 40, 41, 42, 43, 44",-,"2.  独自性を生み出す 価値創造ストーリー3.  独自のトータルヘルスケア 企業を実現する成長戦略5.  データセクション　目次Otsuka Holdings Co., Ltd. INTEGRATED REPORT 2022 \d+4.  トータルヘルスケア企業として サステナブルな社会を実現する1.  トータルヘルスケア企業と しての独創的な価値創造"
プライム,石油・石炭製品,50200,ＥＮＥＯＳホールディングス,00.pdf,"7, 8, 9, 10, 11, 12, 13, 14, 18, 19, 20, 21, 22, 23, 24, 25, 26, 29, 30, 31, 32, 33, 34, 39","7, 8, 9, 10, 11, 12, 13, 14, 18, 19, 20, 21, 22, 23, 24, 25, 26, 39",39,\d+ENEOSホールディングス株式会社　｜　ENEOS REPORT 統合レポート2023ENEOSホールディングス株式会社　｜　ENEOS REPORT 統合レポート2023価値創造の実践ESG経営財務・企業データENEOSについて価値創造戦略
プライム,ゴム製品,51010,横浜ゴム,sustainability2023_a3.pdf,"7, 8, 9, 10, 11, 12, 13, 14, 15, 16, 17, 18, 19, 20, 21, 22, 23, 24, 25, 26, 27, 28, 29, 30, 31, 32","7, 8, 9, 10, 11, 13, 14, 15, 16, 17, 18, 19, 20, 21",17,"\d+THE YOKOHAMA RUBBER CO., LTD.Integrated Report 2023SustainabilityWho We AreSustainabilityValue Creation JourneyGovernanceData Section"
プライム,ガラス・土石製品,52320,住友大阪セメント,soc_InR_2023.pdf,"4, 5, 6, 9, 10, 11, 12, 13, 14, 15, 16, 17, 18, 19, 20, 21, 22, 23, 24, 25, 26, 27, 28, 29, 30","4, 5, 6, 9, 10, 11, 12, 13, 14, 15",15,"\d+Integrated Report 2023\d+Integrated Report 2023
住友大阪セメントグループの価値創造
住友大阪セメントグループの成長戦略
価値創造を支える基盤"
プライム,ガラス・土石製品,53100,東洋炭素,00.pdf,"5, 6, 7, 8, 9, 10, 11, 12, 13, 14, 15, 16, 17, 18, 19, 20","5, 6, 7, 8, 9, 10, 13, 14, 15, 16",15,"TOYO TANSO Integrated Report 2023\d+
価値創造のあゆみ
価値創造ストーリー
社会課題・顧客ニーズを解決するための製品開発と製造技術の追求
気候変動リスク低減への貢献と環境保全"
プライム,ガラス・土石製品,53330,日本碍子,ngk2023_a3.pdf,"3, 4, 6, 7, 9, 10, 11, 12, 13, 14, 15, 16, 17, 18, 19, 20, 21, 22, 23, 24, 25, 26, 27, 28, 29, 30, 31, 32, 33, 34, 35, 36","3, 4, 6, 7, 9, 10, 11, 12, 15, 16, 17, 18, 19, 20, 21, 22, 23",-,\d+NGK REPORT 2023NGK REPORT 2023
プライム,ガラス・土石製品,53340,日本特殊陶業,ir_integration_report_07.pdf,"11, 12, 13, 14, 15, 16, 17, 18, 19, 20, 21, 25, 26, 27, 28, 29, 30, 31, 32, 33, 34, 35, 36, 37, 38, 39, 40, 41, 42, 43, 44, 45, 46, 47, 48, 49, 50, 51, 52, 53, 54, 55, 56, 57, 58, 59, 60, 61","11, 12, 13, 14, 15, 16, 17, 18, 19, 20, 21, 25, 26, 27, 28, 29, 30, 31, 32, 33, 34, 35, 36, 37, 38, 39, 40",40,"Niterra Report 2023\d+
日本特殊陶業の価値創造成長戦略価値共創の基盤会社情報・データ"
プライム,鉄鋼,54010,日本製鉄,nsc_jp_ir_2023_all_a3.pdf,"4, 6, 7, 8, 9, 10, 11, 12, 13, 14, 15, 16, 17, 18, 19, 20, 21, 22, 23, 24, 25, 26, 27, 28, 29, 30, 31, 32, 33, 34, 35, 36, 37, 38, 39, 40","4, 6, 7, 8, 9, 10, 11, 12, 13, 14, 15, 16, 17, 18, 19, 20, 21, 22, 23, 24, 25, 26, 27, 28, 29, 30, 31, 32",32,NIPPON STEEL CORPORATIONIntegrated report 2023\d+
プライム,鉄鋼,54060,神戸製鋼所,integrated-reports2023.pdf,"5, 6, 7, 8, 9, 10, 11, 15, 16, 17, 18, 19, 20, 21, 22, 23, 24, 25, 26, 27, 28, 29, 30, 31, 32, 33, 34, 35, 36, 37, 38, 39, 40, 41, 42, 43, 44","5, 6, 7, 8, 9, 10, 11, 15, 16, 17, 18, 19, 20, 21, 22, 23, 24, 25, 26, 27, 28, 29, 30, 31, 32, 33, 34, 35, 36",-,
プライム,非鉄金属,57110,三菱マテリアル,00.pdf,"3, 4, 5, 6, 7, 8, 9, 10, 11, 12, 13, 14, 15, 16, 17, 18, 19, 20, 21, 22, 23, 24, 25, 26, 27, 28, 29, 30, 31, 32, 33, 34, 35, 36, 37, 38","3, 4, 5, 6, 7, 8, 9, 12, 13, 14, 15, 16, 17, 18, 19, 20, 21, 22, 23, 24, 25, 26, 27, 28, 29, 30, 31, 32",28,
プライム,非鉄金属,57270,東邦チタニウム,csr_2023.pdf,"4, 5, 6, 7, 8, 9, 10, 11, 12, 13, 14, 15, 16, 17, 18, 19, 20, 21, 22, 23, 24","4, 5, 6, 7, 8, 9, 10, 11, 12, 13, 14, 15, 16",16,\d+I N T E G R AT E D  R E P O R T  2 0 2 3I N T E G R AT E D  R E P O R T  2 0 2 3
プライム,非鉄金属,58020,住友電気工業,integratedreport2023.pdf,"6, 7, 8, 9, 10, 11, 12, 13, 14, 15, 16, 17, 18, 19, 20, 21, 22, 23, 24","6, 7, 8, 9, 10, 11, 12, 13, 14, 15, 16, 17, 18, 19, 20, 21",18,"SUMITOMO ELECTRIC GROUPIntegrated Report 2023コーポレートデータコーポレートガバナンス経営基盤経営方針マルチステークホルダーキャピタリズム取締役会長メッセージ基本思想
環境社会／ガバナンス\d+"
プライム,機械,63320,月島ホールディングス,Tlj1.pdf,"6, 7, 8, 9, 10, 11,13, 15, 16, 17, 18, 19, 20, 21, 22, 23, 24","6, 7, 8, 9, 10, 11,13, 15, 16, 17, 18, 19, 20, 21, 23, 24",23,\d+月島ホールディングス　統合報告書2023月島ホールディングス　統合報告書2023
プライム,機械,63610,荏原製作所,INT23_a3_JP.pdf,"3, 4, 5, 6, 7, 8, 12, 13, 14, 15, 16, 17, 18, 19, 20, 21, 22, 23, 24, 25, 26, 27","3, 4, 5, 6, 7, 8, 12, 13, 16, 17, 18, 19, 20, 21, 22, 23, 24, 25, 26, 27",27,
プライム,機械,63670,ダイキン工業,2023-pdf.pdf,"3, 4, 5, 6, 7, 8, 13, 14, 15, 16, 17, 18, 19, 20, 21, 22, 23, 24, 25, 26, 27, 28, 29, 30, 31, 32, 33, 34, 35, 36, 37, 38, 39, 40, 41, 42, 43, 44, 45, 46, 47, 48, 49, 50, 51","3, 4, 5, 6, 7, 8, 13, 14, 15, 16, 17, 18, 19, 20, 21, 22, 23, 24, 25, 26, 27, 28, 29, 30, 31, 32, 33, 34, 35, 36, 37, 38, 39, 40, 41, 42, 43, 44, 45, 46",39,"価値創造を実現する戦略
価値創造プロセス
積み上げてきた強み
ダイキン独自のビジネスモデル
中長期の価値創造に影響を及ぼすリスクと機会
戦略経営計画「FUSION25」の概要
財務戦略
成長戦略3テーマ
カーボンニュートラルへの挑戦
顧客とつながるソリューション事業の推進
空気価値の創造
強化地域／事業3テーマ
北米空調事業
インドの一大拠点化
化学／高機能材料・環境材料のリーディングカンパニーへの挑戦
Special Feature
特集 カーボンニュートラルの実現を加速する
欧州ヒートポンプ暖房・給湯事業
特集 インドで圧倒的No.1の地位確立と
一大拠点化をめざす
経営基盤強化5テーマ
技術開発力の強化
強靭なサプライチェーンの構築
変革を支えるデジタル化の推進
市場価値形成・アドボカシー活動の強化
ダイバーシティマネジメントの深化による人材力強化
環境への取り組み
TCFDフレームワークに基づく情報開示
価値創造を支えるガバナンス
コーポレート・ガバナンス
社外取締役メッセージ
役員一覧
コンプライアンス／リスクマネジメント
事業戦略
主要事業の概要
事業の概況と今後の見通し
空調事業
化学事業
油機事業
特機事業
DATA
財務ハイライト
非財務ハイライト
11年間の要約財務データ
サステナビリティに関する目標と実績
統合報告書2023の発行にあたって
会社概要／投資家情報
編"
プライム,機械,63700,栗田工業,annual_2023.pdf,"3, 4,  8, 9, 10, 12, 13, 14, 15, 16, 17, 18, 19, 20, 21, 22, 23, 24, 25, 26, 27, 28, 29, 30, 31, 32, 33, 34","3, 4,  8, 9, 10, 12, 13, 14, 15, 19, 20, 21, 22, 23, 24, 25, 26, 27, 28, 29, 30, 31, 32","28, 30","企業・財務情報クリタグループのビジネスクリタグループ Overviewクリタグループの戦略\d+栗田工業株式会社 統合レポート 2023\d+栗田工業株式会社 統合レポート 2023
クリタグループOverview
クリタグループの戦略
クリタグループのビジネス
価値創造を支える基盤
企業・財務情報"
プライム,機械,64900,日本ピラー工業,d9e72bba810b4c1e48ca3fc4744f4616256c365d.pdf,"4, 5, 6, 7, 8, 9, 10, 11, 12, 13, 14, 15, 16","4, 5, 6, 7, 8, 9, 11, 12, 13, 14, 15, 16",-,\d+Integrated report  2023Integrated report  2023経営戦略事業概要価値創造ストーリーESGへの取り組みデータセクション
プライム,機械,70110,三菱重工業,report_2023_a3.pdf,"5, 6, 7, 8, 9, 10, 11, 15, 16, 17, 18, 19, 20, 21, 22, 23, 24, 25","5, 6, 7, 8, 9, 10, 11, 15, 16, 17, 18, 19, 20, 21, 22, 23, 24, 25",-,OverviewMessages from ManagementMISSION NET ZEROBusiness StrategiesGovernance & SustainabilityPerformance DataMHI REPORT 2023MITSUBISHI  HEAVY  INDUSTRIES  GROUP\d+
プライム,機械,70130,ＩＨＩ,integrated2023_all.pdf,"5, 6, 7, 8, 9, 10, 11, 12, 13, 14, 15, 16, 39, 40, 41, 42, 43, 44, 45, 46, 47, 48, 49, 50, 51, 52, 53, 54, 55, 56, 57, 58, 59, 60, 61, 62, 63, 64","5, 6, 7, 8, 9, 10, 11, 12, 13, 14, 15, 16, 39, 40, 41, 42, 43, 44, 45, 46, 47, 48, 49, 50, 51, 52, 53, 54, 55, 56",-,"IHI 統合報告書 2023 \d+
変革に向けた責任者メッセージ
変革を成し遂げるための実行戦略
変革を支えるサステナビリティマネジメント
データ集"
プライム,電気機器,64480,ブラザー工業,ful-a3-j.pdf,"3, 4, 5, 7, 8, 9, 10, 11, 12, 13, 14, 15, 16, 17, 18, 19, 20, 21, 22, 23, 24","3, 4, 5, 7, 8, 9, 10, 11, 12, 13, 14, 15, 16, 17, 18, 19, 20, 21",21,\d+ Brother Integrated Report 2023\d+Brother Integrated Report 2023
プライム,電気機器,65010,日立製作所,ar2023j.pdf,"7, 8, 9, 10, 11, 12, 13, 19, 20, 21, 22, 23, 24, 25, 26, 27, 28, 29, 30, 31, 32, 33, 34, 35","7, 8, 9, 10, 11, 12, 13,  21, 22, 23, 24, 25, 26, 27, 28, 29, 30, 31, 32, 33, 34, 35",25,\d+マテリアリティ2024中期経営計画成長を支えるコーポレートの取り組みHitachi Integrated Report 2023Value CreationTransformationBusiness StrategiesGovernanceDataIntroduction人財戦略財務戦略CFOメッセージセクター別戦略
プライム,電気機器,65250,ＫＯＫＵＳＡＩ_ＥＬＥＣＴＲＩＣ,download.pdf,"4, 5, 6, 7, 12, 13, 15, 16, 17, 18, 19, 20, 21, 22, 23, 24, 25, 26, 27, 28, 29, 30, 31, 32, 33, 34, 35, 36, 37, 38, 39, 40, 41, 42, 43, 44","4, 5, 6, 7, 12, 13, 39, 40, 41, 42, 43, 44",40,KOKUSAI ELECTRICグループ CORPORATE REPORT2023\d+イントロダクションKOKUSAI ELECTRICの価値創造サステナビリティインフォメーションガバナンス
プライム,電気機器,66450,オムロン,OMRON_Integrated_Report_2023_jp_A4.pdf,"9, 10, 11, 12, 13, 14, 15, 16, 23, 24, 25, 26, 27, 28, 29, 30, 31, 32, 33, 34, 35, 36, 37, 38, 39, 40, 41, 42, 43, 44, 45, 46, 47, 48, 49, 50, 51, 52, 53, 54, 55, 56, 57, 58, 59, 60, 61, 62, 63, 64, 65, 66, 67, 68, 69, 70, 71, 72, 73, 74, 75, 76, 77, 78, 79, 80, 81, 82, 83, 84, 85, 86, 87, 88, 89, 90, 91, 92, 93, 94, 95, 96, 97, 98, 99, 100","9, 10, 11, 12, 13, 14, 15, 16, 23, 24, 25, 26, 27, 28, 29, 30, 31, 32, 33, 34, 35, 36, 37, 38, 39, 40, 41, 42, 43, 44, 45, 46, 47, 48, 49, 50, 51, 52, 53, 54, 55, 56, 57, 58, 59, 60, 61, 62, 63, 64, 65, 66, 67, 68, 69, 70, 71, 72, 73, 74","71,72","\d+Vision
\d+Strategy & Business
\d+Innovation & Technology
\d+Sustainability
\d+People
オムロン統合レポート2023"
プライム,電気機器,66740,ジーエス・ユアサ_コーポレーション,GS_Yuasa_Report_2023.pdf,"4, 5, 6, 7, 8, 9, 10, 11,  13, 14, 15, 16, 17, 18, 19, 20, 21, 22, 23, 24, 25, 26, 27, 28, 29, 30, 31, 32, 33, 34, 35, 36, 37, 38, 44","4, 5, 6, 7, 8, 9, 10, 11,  13, 14, 15, 16, 17, 18, 19, 20, 21, 22, 23, 24, 25, 26, 27, 44",44,"GS YUASA Report 2023\d+GS YUASA Report 2023\d+
Vision 2035（長期ビジョン）1
Vision 2035（長期ビジョン）｜トップメッセージ1
経営戦略｜財務担当役員メッセージ2
経営戦略2
ESG｜ガバナンス3
ESG｜社会3
経営戦略　　ESG　　財務・企業データ2341 
Vision 2035（長期ビジョン）"
プライム,電気機器,67010,日本電気,etsuran.pdf,"3, 4, 5, 6, 7, 9, 10, 11, 12, 13, 14, 15, 16, 18, 19, 20, 21, 22, 23, 24, 25, 26, 27, 28, 29, 30, 31, 32, 33, 34, 35, 36, 37, 38, 39, 40, 41, 42, 43, 44, 45, 46, 47, 48, 49, 50, 51","3, 4, 5, 6, 7, 9, 10, 11, 12, 13, 14, 15, 16, 18, 19, 20, 21, 22, 23, 24, 25, 26, 27, 28, 29, 30, 31, 32, 33, 34, 35, 36, 37, 38, 39, 40, 41",31,
プライム,電気機器,67020,富士通,integrated-report_2023_jp.pdf,"4, 5, 6, 7, 8, 9, 10, 11, 12, 13, 14, 15, 18, 19, 20, 21, 22, 23, 24, 25, 26, 27, 28, 29, 30, 31, 32, 34, 35, 36, 37, 38, 39, 40, 41, 42, 43, 44, 45, 46, 47, 48, 49, 50, 51, 52, 53, 54, 55, 56, 57, 58, 59, 60, 61, 62, 63, 64, 65, 66, 67, 68, 69, 70, 71","4, 5, 6, 7, 8, 9, 10, 11, 12, 13, 14, 15, 18, 19, 20, 21, 22, 23, 24, 25, 26, 27, 28, 29, 30, 31, 32, 34, 35, 36, 37, 38, 39, 40, 41, 42, 43, 44, 45, 46, 47, 48, 49, 50, 51, 52, 53, 54, 55, 56, 57",41,
プライム,電気機器,67270,ワコム,140120230509561790.pdf,"3, 4, 5, 6, 7, 8, 9, 10, 11, 12, 13, 14, 15, 16, 17, 18, 19, 20, 21, 22, 23, 24, 25, 26, 27, 28, 29, 30, 31, 32, 33, 34, 35, 36, 37, 38, 39","3, 4, 5, 6, 7, 8, 9, 10, 11, 12, 13, 14, 15, 16, 17, 18, 19, 20, 21, 22, 23, 24, 25, 26, 27, 28, 29, 30, 31, 32, 33, 34, 35, 36",-,
プライム,電気機器,67520,パナソニック_ホールディングス,pana_ar2023j_a4.pdf,"4, 7, 8, 9, 10, 11, 12, 13, 14, 15, 16, 17, 18, 19, 20, 21, 22, 23, 24, 25, 26, 27, 28, 29, 30, 31, 32, 33","4, 7, 8, 9, 10, 11, 12, 13, 14, 15, 16, 17, 18, 19, 20, 21, 22, 23, 24, 25, 26, 27, 28, 29, 30, 31, 32, 33",26,
プライム,電気機器,67530,シャープ,annual_2023j_int.pdf,"2, 3, 4, 5, 6, 10, 11, 12, 13, 14, 15, 16","2, 3, 4, 5, 6",6,"\d+Annual Report 2023
目 次トップメッセージ強いブランド企業“SHARP”の早期確立に向けて財務ハイライト・非財務ハイライト2022年度（2023年3月期）の概況サステナビリティ環境活動社会活動コーポレート・ガバナンス取締役、執行役員連結子会社会社情報"
プライム,電気機器,67580,ソニーグループ,CorporateReport2023_J.pdf,"6, 7, 8, 9, 12, 13, 14, 15, 16, 17, 18, 19, 20, 21, 22, 23, 24, 25, 26, 27, 28, 29, 30, 31, 32, 33, 34, 35, 39, 40, 41, 42, 43, 44, 45, 46, 47, 48, 49, 50, 51, 52, 53, 54, 55, 56","6, 7, 8, 9, 12, 13, 14, 15, 16, 17, 18, 19, 20, 21, 22, 23, 24, 25, 26, 27, 28, 29, 35, 39, 40, 41, 42, 43, 44, 45, 46, 47, 48, 49, 50, 51, 52, 53, 54, 55, 56","25,26,27,28",
プライム,電気機器,67620,ＴＤＫ,integrated_report_pdf_2023_ja.pdf,"4, 5, 6, 7, 8, 11, 12, 14, 15, 16, 17, 18, 19, 20, 21, 22, 23, 24, 25, 26, 27, 28, 29","4, 5, 6, 7, 8, 11, 12, 14, 15, 16, 17, 18, 19, 20, 21, 22, 23, 24, 25, 26","21, 22",
プライム,電気機器,68100,マクセル,MAX_IR23_J_interactive.pdf,"6, 7, 8, 9, 10, 11, 12, 13, 14, 15, 16, 17, 18, 19, 20, 21, 22, 23, 24, 25, 26, 27, 28, 29, 30, 31, 32, 33, 34, 35, 36, 37, 38, 39, 40, 41, 42, 43, 44, 45, 46, 47, 48, 49, 50, 51","6, 7, 8, 9, 10, 11, 12, 13, 14, 15, 16, 17, 18, 19, 20, 21, 22, 23, 24, 25, 26, 27, 28, 29, 30, 31, 32, 33, 34, 35, 36, 37, 38, 39, 40, 41, 42, 43, 44",39,
プライム,電気機器,68410,横河電機,ir_2023yreports_facingpage.pdf,"4, 5, 6, 7, 8, 10, 11, 12, 13, 14, 15, 16, 17, 18, 19, 20, 21, 22, 23, 24, 25, 26, 27, 28, 29, 31, 32, 33, 34, 35, 36, 37","4, 5, 6, 7, 8, 14, 15, 16, 17, 18, 19, 20, 21, 22, 23, 24, 25, 26, 27, 28, 29, 31, 32, 33, 34, 35, 36, 37",34,"\d+YOKOGAWA レポート2023YOKOGAWA レポート2023\d+
1トップメッセージ2価値創造プロセス3コーポレート成長戦略5コーポレートガバナンス6リスクマネジメントインフォメーション4経営資本"
プライム,電気機器,68560,堀場製作所,20230621_HR_jp.pdf,"3, 4, 5, 7, 8, 9, 10, 11, 12, 13, 14, 15, 16, 17, 18, 19, 20, 21","3, 4, 5, 7, 8, 9, 10, 11, 12, 13, 14, 15, 16, 17, 18, 20, 21",-,"HORIBAの「はかる」ビジネス
HORIBA Semiconductor
HORIBA流経営による社会への貢献
CFO MESSAGE"
プライム,電気機器,69520,カシオ計算機,integrated-2023.pdf,"3, 4, 5, 7, 8, 10, 11, 13, 14, 15, 16, 18, 19, 20, 21, 22, 23, 24, 25, 26, 27, 28, 29, 30, 31, 32, 33, 34, 35","3, 4, 5, 7, 8, 10, 11, 13, 14, 15, 16, 18, 19, 20, 21, 22, 23, 24, 25, 26, 27, 28, 29, 30, 31, 32, 33, 34","32, 33",\d+カシオ計算機 統合報告書 2023カシオ計算機 統合報告書 2023価値創造の基盤Part 03MessageData Sectionビジョンと戦略Part 02CASIOの価値創造Part 01
プライム,電気機器,69630,ローム,JP_rohm_group_integrated_report_2023_view.pdf,"3, 5, 6, 7, 8, 9, 10, 11, 12, 13, 14, 15, 16, 17,  19, 20, 21, 22, 23, 24, 25, 26, 27, 28, 29, 30, 31, 32, 33, 34","3, 5, 6, 7, 8, 9, 10, 11, 12, 13, 15, 16, 17,  19, 20, 21, 22, 23, 24, 25, 26, 27, 28, 29, 30, 31",28,"\d+ROHM Co., Ltd.ROHM Integrated Report
ロームの価値創造
戦略とパフォーマンス
ステークホルダーとの価値共創
価値創造を支えるガバナンス"
プライム,電気機器,69760,太陽誘電,XSas.pdf,"4, 6, 7, 8, 9, 11, 12, 13, 14, 15, 16, 17, 18, 19, 20, 21, 22, 33, 34, 35, 36, 37, 38, 39, 40, 41, 42, 43","4, 6, 7, 8, 9, 11, 12, 13, 14, 15, 16, 17, 18, 19, 20, 21, 22",22,\d+TAIYO YUDEN　統合報告書2023\d+価値創造ストーリー　　　　 価値創造のための戦略　　　　価値創造を支える基盤　　　　コーポレートデータR&D
プライム,電気機器,72760,小糸製作所,KOITO_INTEGRATED_REPORT_2022_full.pdf,"4, 5, 6, 7, 8, 9, 10, 11, 12, 13, 14, 15, 16, 17, 19, 20, 21, 22, 23, 24, 25, 26, 32","4, 5, 6, 7, 8, 9, 10, 11, 12, 13, 14, 15, 16, 17, 32",32,会社情報ESG への取り組み価値創造ストーリー事業概況\d+KOITO INTEGRATED REPORT 2022KOITO INTEGRATED REPORT 2022 \d+
プライム,電気機器,77350,ＳＣＲＥＥＮホールディングス,SCREEN_ARJ_2023.pdf,"4, 5, 6, 7, 8, 10, 11, 12, 13, 16, 17, 18, 19, 20, 21, 22, 23, 24, 25, 26, 27, 28, 29, 30, 31, 32, 33","4, 5, 6, 7, 8, 10, 11, 12, 13, 16, 17, 18, 19, 20, 21, 22, 23, 24, 25, 30, 31, 32, 33",17,"\d+SCREEN Group Annual Report 2023SCREEN Group Annual Report 2023
ビジョンと戦略環境人財経営基盤企業データ新しい価値
新しい価値環境人財経営基盤企業データビジョンと戦略
ビジョンと戦略新しい価値人財経営基盤企業データ環境
ビジョンと戦略新しい価値環境経営基盤企業データ人財
ビジョンと戦略新しい価値環境人財経営基盤企業データ
ビジョンと戦略新しい価値環境人財企業データ経営基盤"
プライム,電気機器,77510,キヤノン,canon-int-2024-j.pdf,"7, 8, 9, 10, 11, 12, 13, 14, 19, 20, 21, 22, 23, 24, 25, 26, 27, 28, 29, 30, 31, 32, 33, 34, 35, 36, 37, 38, 39, 40, 41, 42, 43, 44, 45, 46, 47, 48","7, 8, 9, 10, 11, 12, 13, 14, 19, 20, 21, 22, 23, 24, 25, 26, 27, 28, 29, 30, 31, 32, 33, 34, 35, 43, 44, 45, 46, 47, 48","33, 34, 35",社会ガバナンスデータ集・企業情報価値創造のための戦略環境CEOメッセージキヤノンの歩み
プライム,電気機器,77520,リコー,all_J_spread.pdf,"5, 6, 7, 8, 10, 11, 12, 13, 14, 15, 16, 17, 18, 19, 20, 22, 23, 24, 25, 26, 27, 28, 29, 30, 31, 32, 33, 34","5, 6, 7, 8, 10, 11, 12, 13, 14, 15, 16, 17, 18, 19, 20, 22, 23, 24, 25, 26, 27, 28, 29, 30, 31, 32, 33, 34",16,"\d+Ricoh Group Integrated Report 2023Ricoh Group Integrated Report 2023
\d+Ricoh Group Integrated Report 2023\d+
\d+Ricoh Group Integrated Report 2023
イントロダクショントップメッセージ価値創造プロセス中長期の価値創造戦略パフォーマンス―財務―パフォーマンス―将来財務―コーポレート・ガバナンスデータ"
プライム,輸送用機器,70120,川崎重工業,23_houkokusyo.pdf,"7, 8, 9, 10, 11, 12, 13, 14, 15, 16, 17, 18, 19, 20, 21, 22, 23, 24, 25, 26, 27, 28, 29, 30, 31, 32, 33, 34, 35, 36","7, 8, 9, 10, 11, 12, 13, 14, 15, 16, 17, 18, 19, 20, 21, 25, 26, 27, 28, 29, 30, 31",-,"事業を支える基盤財務・企業データ川崎重工についてマネジメントメッセージ戦略とパフォーマンス
\d+Kawasaki Report 2023\d+Kawasaki Report 2023
トップメッセージ
担当役員メッセージ――財務・人財
担当役員メッセージ――技術開発・DX
価値創造プロセス
戦略とパフォーマンス ｜ グループビジョン2030 3つの注力フィールドにおける目標と実績
戦略とパフォーマンス ｜ グループビジョン2030 エネルギー・環境ソリューション
戦略とパフォーマンス ｜ グループビジョン2030 安全安心リモート社会
戦略とパフォーマンス ｜ グループビジョン2030 近未来モビリティ
戦略とパフォーマンス ｜ セグメント別事業戦略
事業を支える基盤 ｜ 重要課題（マテリアリティ）のKPIおよび実績
事業活動を支える基盤"
プライム,輸送用機器,72030,トヨタ自動車,2023_001_integrated_jp.pdf,"3, 4, 5, 13, 23, 24, 25, 26, 27, 28, 29, 30, 31, 32, 33, 34, 35, 36, 37, 38, 39, 40, 41, 42, 43, 44, 45, 46, 47, 48, 49, 50, 51, 52, 53, 54, 55, 56, 57, 58, 59, 60, 61, 74, 75, 76, 77, 78, 79, 80, 81, 82, 83, 84, 85, 86, 87, 88, 89, 90, 91, 92, 93, 94, 95, 96","3, 4, 5, 13, 23, 24, 25, 26, 27, 28, 29, 30, 31, 32, 33, 34, 35, 36, 37, 38, 39, 40, 41, 42, 43, 44, 45, 46, 47, 48, 49, 50, 51, 52, 53, 54, 55, 56, 57, 58, 59, 60, 74, 75, 76, 77, 83, 84, 85, 86, 87, 88, 89, 90, 91, 92, 93, 94, 95, 96",96,\d+Integrated Report トップメッセージ価値創造の源流̶トヨタらしさ価値創造のストーリー̶クルマ屋が描く未来のモビリティ社会価値創造の経営基盤コーポレートデータ CSOメッセージ   社外取締役座談会   株主・投資家との対話   コーポレートガバナンス   CFOメッセージ 資本戦略   環境   サーキュラーエコノミー   人材育成   ダイバーシティ、エクイティ＆インクルージョン   健康・安全衛生、社会貢献   人権の尊重   バリューチェーン連携   車両安全   品質、情報セキュリティ   知的財産、プライバシー
プライム,輸送用機器,72590,アイシン,aisin_ar2023_a3.pdf,"2, 3, 4, 5, 6, 7, 8, 10, 11, 12, 13, 14, 15, 16, 18, 19, 20, 23, 24, 25, 26, 27, 28, 29, 30, 31, 32, 33, 34, 35, 36, 37, 38, 39, 40, 41, 42, 43, 44, 45, 46, 47, 48, 49, 50, 51, 52, 53, 54, 55, 56, 57, 58, 59, 60, 61, 62, 63, 64, 65, 66, 67, 68, 69, 70, 71, 72, 73","2, 3, 4, 5, 6, 7, 8, 10, 11, 12, 13, 14, 15, 16, 18, 19, 20, 23, 24, 25, 26, 27, 28, 29, 30, 31, 32, 33, 34, 35, 36, 37, 38, 39, 40, 41, 42, 43, 44, 45, 46, 47, 48, 49, 60, 61, 62, 63, 64, 65, 66, 67, 68, 69, 70, 71, 72, 73",24,"めざす姿AISIN GROUP REPORT 2023\d+トップメッセージデータ成長を支える基盤成長戦略アイシンとは
アイシンとはAISIN GROUP REPORT 2023\d+トップメッセージデータ成長を支える基盤成長戦略めざす姿
成長戦略AISIN GROUP REPORT 2023\d+トップメッセージデータ成長を支える基盤アイシンとはめざす姿
成長を支える基盤AISIN GROUP REPORT 2023\d+成長戦略トップメッセージデータアイシンとはめざす姿
アイシンの価値創造プロセス　　「アイシングループビジョン2030」　　2030年めざす姿に向けたCxOの決意
アイシングループの経営理念　　社会課題と向き合ってきたアイシン　　3つの強み
2025年中期経営計画　　人的資本戦略　　事業戦略
サステナビリティ推進　　コーポレート・ガバナンス"
プライム,輸送用機器,72670,本田技研工業,Honda_Report_2023-jp-all.pdf,"6, 7, 8, 9, 10, 11, 12, 13, 14, 15, 16, 17, 18, 19, 20, 21, 22, 23, 24, 25, 26, 27, 28, 29, 30, 31, 32, 33, 34, 35, 36, 37, 38, 39, 40, 41, 42, 43, 44, 45, 46, 47, 48, 49, 50, 51, 52, 53, 54, 55, 56","6, 7, 8, 9, 10, 11, 12, 13, 14, 15, 16, 17, 18, 19, 20, 21, 22, 23, 24, 25, 26, 27, 28, 29, 30, 31, 34, 35, 36, 37, 38, 39, 40, 41, 42, 43, 44, 45, 46, 47, 48, 49, 50, 51, 52, 53, 54, 55, 56",53,"\d+Honda Report 2023価値創造ストーリー事業戦略5つの重要テーマガバナンス関連データ
電動事業戦略
四輪事業戦略
二輪事業戦略
パワープロダクツ事業戦略
環境負荷ゼロ社会の実現    環境戦略
交通事故ゼロ社会の実現    安全戦略
独創的な技術の創出    新領域へのチャレンジ
ブランド価値の向上      一貫したブランドマネジメントの強化"
プライム,輸送用機器,72700,ＳＵＢＡＲＵ,Ir2023j.pdf,"4, 5, 6, 7, 8, 9, 11, 12, 13, 14, 15, 16, 17, 18, 19, 20, 21, 22, 23, 24, 25, 26, 27, 28, 29, 30","4, 5, 6, 7, 8, 9, 11, 12, 13, 14, 15, 16, 17, 18, 19, 20, 21, 22, 23, 24, 25",-,"SUBARU 統合レポート2023 \d+SUBARU 統合レポート2023\d+
価値創造ストーリー
価値創造を支える基盤
戦略解説
コーポレートデータ"
プライム,精密機器,45430,テルモ,TR2023_all_spread_J.pdf,"3, 4, 5, 6, 7, 8, 9, 10,  13, 14, 15, 16, 17, 18, 20, 21, 22, 23, 24, 25, 26, 27, 28, 29, 30, 31, 32, 33, 34, 35, 36, 37, 38, 39, 40, 41, 42, 43, 44, 45, 46, 47, 48, 49, 50, 51, 52, 53, 54, 55, 56, 57, 58, 59, 60, 61, 87","3, 4, 5, 6, 7, 8, 9, 10,  13, 14, 15, 16, 17, 18,  87",87,"\d+Terumo Report 2023CEOメッセージ
\d+Terumo Report 2023価値創造プロセス
\d+Terumo Report 2023CAFOメッセージ
\d+Terumo Report 2023GS26 CSV/ESGテーマ
\d+Terumo Report 2023財務・非財務ハイライト
\d+Terumo Report 2023At a Glance
\d+Terumo Report 2023カンパニー別戦略
\d+Terumo Report 2023心臓血管カンパニー
\d+Terumo Report 2023メディカルケアソリューションズカンパニー
\d+Terumo Report 2023血液・細胞テクノロジーカンパニー
\d+Terumo Report 2023テルモグループのサステナビリティ
\d+Terumo Report 2023環境
\d+Terumo Report 2023EHS（環境・安全衛生）マネジメント
\d+Terumo Report 2023環境・安全に配慮した製品の開発
\d+Terumo Report 2023気候変動への取り組み
\d+Terumo Report 2023資源の有効活用・サーキュラーエコノミー
\d+Terumo Report 2023実現に向けた取り組み
\d+Terumo Report 2023水資源の有効利用
\d+Terumo Report 2023化学物質の適正管理
\d+Terumo Report 2023生物多様性保全の取り組み
\d+Terumo Report 2023社会
\d+Terumo Report 2023製品・サービスの品質・安全性
\d+Terumo Report 2023調達
\d+Terumo Report 2023人財
\d+Terumo Report 2023人権
\d+Terumo Report 2023社会・地域貢献"
プライム,精密機器,63760,日機装,00.pdf,"5, 6, 7, 8, 9, 11, 12, 13, 14, 15, 16, 17","5, 6, 7, 8, 9, 11, 12, 13",-,"トップメッセージ 中期経営計画について
Manufacturing Transformer 価値創造プロセス
Manufacturing Transformer 事業活動
Manufacturing Transformer Sustainability
Manufacturing Transformer Environment
Manufacturing Transformer Social
\d+日機装株式会社　総合報告書2022\d+日機装株式会社　総合報告書2022
日機装ストーリートップメッセージManufacturing Transformerデータセクション価値創造プロセス
日機装ストーリートップメッセージManufacturing Transformerデータセクション事業活動
日機装ストーリートップメッセージManufacturing TransformerデータセクションSustainability
日機装ストーリートップメッセージManufacturing TransformerデータセクションEnvironment
日機装ストーリートップメッセージManufacturing TransformerデータセクションSocial
日機装ストーリートップメッセージManufacturing Transformerデータセクション"
プライム,精密機器,77470,朝日インテック,asahi-intecc_integrated-report_2023.pdf,"5, 6, 7, 11, 12, 22, 24, 25, 26, 27, 30, 31, 32, 33, 34, 35, 36, 44, 45, 46, 47, 48, 49, 50, 51, 52, 53, 54, 55, 57, 58, 59, 60, 61, 62, 63, 64, 65, 66, 67, 68, 69, 70, 71, 72, 73, 74, 75, 76, 77, 79, 80, 81, 82, 83, 84, 85, 86, 87, 88, 89, 90, 91, 92, 93, 94","5, 6, 7, 11, 12, 22, 24, 25, 26, 27, 30, 31, 32, 33, 34, 35, 36, 44, 45, 46, 47, 48, 49, 50, 51, 52, 53, 54, 55, 57, 58, 59, 60, 61, 62, 63, 64, 65, 66, 67, 68, 69, 70, 71, 72, 73, 74, 75, 76, 77",63,"\d+朝日インテックグループ統合報告書2023
Your dreams. Woven together.
社長・投資家対談価値創造ストーリー財務戦略業績・会社情報長期経営ビジョンと中期経営計画サステナビリティ 非財務資本の強化サステナビリティ環境と社会サステナビリティガバナンス
価値創造ストーリー財務戦略業績・会社情報長期経営ビジョンと中期経営計画サステナビリティ 非財務資本の強化サステナビリティ環境と社会サステナビリティガバナンス
イントロダクション
社長・投資家対談
価値創造ストーリー
長期経営ビジョンと中期経営計画
財務戦略
サステナビリティ 非財務資本の強化
イノベーションを通じた現場の課題解決
サステナビリティ 環境と社会
サステナビリティ ガバナンス
業績・会社情報"
プライム,精密機器,77800,メニコン,20231012083938322s.pdf,"2, 3, 5, 6, 7, 9, 10, 11, 12, 16, 17","2, 3, 5, 6, 7, 9, 10, 11, 12",12,"メニコン 統合レポート 2023\d+メニコン 統合レポート 2023メニコンの価値創造
メニコン 統合レポート 2023\d+メニコン 統合レポート 2023メニコンの成長戦略
メニコン 統合レポート 2023\d+メニコン 統合レポート 2023メニコンのサステナビリティ経営
メニコン 統合レポート 2023\d+メニコン 統合レポート 2023コーポレートデータ"
プライム,その他製品,79110,ＴＯＰＰＡＮホールディングス,00.pdf,"5, 7, 8, 9, 10, 11, 12, 13, 14, 15, 16, 17, 18, 19, 20, 21, 22, 23, 24, 34, 35, 36, 37, 38, 39, 40, 41","5, 7, 8, 9, 10, 11, 12, 13, 14, 15, 16, 17, 18, 19, 20, 21, 22, 23, 24",14,"Toppan Integrated Report 2023Toppan Integrated Report 2023\d+
TOPPANグループについて
持株会社体制への移行について・TOPPAN’s Purpose ＆ Values
連結財務・非財務ハイライト
セグメントハイライト
セグメント別製品・サービス概要
価値創造のあゆみ
多様なソリューションを創出する「印刷テクノロジー」
価値創造プロセス
価値創造に向けた戦略と取り組み
トップインタビュー
CFOメッセージ
新中期経営計画（成果獲得フェーズ）の概要
特集：新中期経営計画の事業別成長戦略
価値創造を支える基盤（ESG情報）
社外取締役メッセージ
取締役および監査役一覧
取締役および監査役のスキルマトリックス
コーポレートガバナンス
サステナビリティマネジメント
環境への取り組み
社会への取り組み"
プライム,その他製品,79150,ＮＩＳＳＨＡ,NisshaReport2023_A3.pdf,"5, 6, 7, 8, 9, 10, 11, 12, 13, 14, 15, 16, 17, 18, 19, 20, 21, 22, 23, 24, 25, 26, 27, 28, 29","5, 6, 7, 8, 9, 10, 11, 14, 15, 16, 17, 18, 19, 20, 21, 22, 23, 24, 25, 26, 27, 28, 29",-,イントロダクション持続的な企業価値向上の取り組み成長戦略コーポレートガバナンスリスクの低減参考資料.*?Nissha Report 2023\d+
プライム,その他製品,79360,アシックス,file.pdf,"4, 5, 6, 7, 8, 12, 13, 14, 15, 19, 20, 21, 24, 25, 26, 27, 28, 29, 30, 31, 32, 33, 34, 35, 36, 37, 38, 39, 40","4, 5, 6, 7, 8, 12, 13, 14, 15, 19, 20, 21, 24, 25, 26, 27, 28, 29, 30, 31, 32, 33, 34, 35","28, 29","What's ASICS価値創造戦略価値創造の基盤コーポレートガバナンスデータセクション\d+
Message from the ＣＥＯＣＥＯメッセージ
財務担当役員メッセージMessage from the Officer in Charge of Financial Affairs
過去の中期経営計画と業績の推移
「中期経営計画2023」重点取組み\d
価値創造戦略を支える基盤\d
価値創造の基盤 ―サステナビリティ―"
プライム,その他製品,79510,ヤマハ,an-2023.pdf,"4, 5, 6, 8, 9, 11, 12, 13, 14, 15, 16, 17, 18, 19, 20, 22, 23, 24, 25, 26, 27, 28, 29, 30, 31, 32, 33, 35, 36, 37, 38, 39, 40, 41, 42","4, 5, 6, 8, 9, 11, 12, 13, 14, 15, 16, 17, 18, 19, 20, 22, 23, 29, 30, 31, 32, 33, 35, 36, 37, 38, 39, 40, 41, 42",33,"\d+ヤマハグループ  統合報告書 2023ヤマハグループ  統合報告書 2023ヤマハの価値創造
\d+ヤマハグループ  統合報告書 2023ヤマハグループ  統合報告書 2023経営戦略
\d+ヤマハグループ  統合報告書 2023ヤマハグループ  統合報告書 2023コーポレート戦略
\d+ヤマハグループ  統合報告書 2023ヤマハグループ  統合報告書 2023事業別／機能別戦略
\d+ヤマハグループ  統合報告書 2023ヤマハグループ  統合報告書 2023事業別戦略
\d+ヤマハグループ  統合報告書 2023ヤマハグループ  統合報告書 2023機能別戦略
\d+ヤマハグループ  統合報告書 2023ヤマハグループ  統合報告書 2023ガバナンス
\d+ヤマハグループ  統合報告書 2023ヤマハグループ  統合報告書 2023財務／企業情報
MESSAGE FROM THE PRESIDENT"
